Item No.,ItemName,Warehouse Code,InvntryUom,OBQty,ClosQty,ItemCost,Total
A00000016,AG OMEGA-3 ENRICHED FORMULA SOFTGELS 40`S,GHU2,PAK,4,4,7.2223,28.8892
A00000119,NEOVITA SYRUP  200 ML,GHU2,BOX,13,13,1.6666,21.6658
A00000135,ARTIZ 10MG TABLETS 10S,GHU2,PAK10,29,29,0.6195,17.9655
A00000154,DERMA T TOPICAL SOLUTION 30 ML,GHU2,PAK,22,22,0.9041,19.8902
A00000156,EZILAX SYRUP 10G/15ML 300ML,GHU2,BOX,4,4,1.7365,6.946
A00000194,RAPIDUS 50MG TABLETS 20`S,GHU2,BOX20,129.917,129.917,1.6592,215.5583
A00000245,CONCAVIT SYRUP  150ML,GHU2,BOX,2,2,2.8725,5.745
A00000219,ZINOXIMOR 250MG TABLETS  14` S,GHU2,PAK14,5,5,3.882,19.41
A00000213,WINEX 200 MG CAPSULES  8`S,GHU2,PAK8,9,9,2.8854,25.9686
A00000009,TOBREX OPHTHALMIC OINTMENT  3.5 G,GHU2,TUB,4,4,1.1415,4.566
A00000217,ZETA CREAM 15GM,GHU2,BOX,95,95,0.5745,54.5775
A00000018,AG GLUCOSAMINE&CHONDROITIN TABLETS 60`S,GHU2,PAK,5,5,9.5202,47.601
A00000159,FLAZOL 500MG TABLETS  20 S,GHU2,BOX20,25.5,25.5,1.2126,30.9213
A00000114,EROS CREAM  15 GM,GHU2,BOX,29,29,1.9259,55.8511
A00000136,AIRFAST 10MG F/C TABLETS 30`S,GHU2,PAK30,5.339,5.339,6.2828,33.5439
A00000117,NEOVITA CAPSULES  30`S,GHU2,BOX30,7.5,7.5,3.4089,25.5668
A00003194,AMLOPRES 5MG TABLETS 30`S,GHU2,PAK30,21.018,21.018,0.8639,18.1575
A00000115,EROS SPRAY  14 GM,GHU2,BOX,18,18,2.8725,51.705
A00000015,AG OMEGA 3.6.9 SOFTGELS 40`S,GHU2,PAK,4,4,6.3193,25.2772
A00000143,CLARITT XL TABLET  7`S,GHU2,PAK7,5,5,4.522,22.61
A00000155,DIVIDO - 75 MG CAPSULES  20`S,GHU2,BOX20,122.5,122.5,1.7432,213.542
A00000215,WINEX ORAL SUSPENSION 100MG/5ML 60ML,GHU2,BOT,3,3,2.462,7.386
A00000216,ZETA OINTMENT 2%  15 GM,GHU2,BOX,13,13,0.4869,6.3297
A00003251,OSTEOCARE LIQUID  200 ML,GHU2,PAK,5,5,1.2482,6.241
A00003287,WELLWOMAN CAPSULES 30`S,GHU2,PAK30,1.5,1.5,1.9627,2.9441
A00003364,BETAGEN 16MG TABLETS 30`S,GHU2,PAK30,0.338,0.338,2.6243,0.887
A00002887,AMIRA GINSENG HAIR SHAMPOO  150ML,GHU2,BOX,5,5,2.8724,14.362
A00000161,FEXODINE 180 MG TABLETS  14`S,GHU2,PAK14,62,62,0.9957,61.7334
A00000190,QUINOX 500MG TABLETS  10`S,GHU2,BOX10,19,19,3.4075,64.7425
A00000226,DICLORAN INJECTION 25MG/ML  75 MG  3 ML 5`S,GHU2,BOX5,2,2,0.2875,0.575
A00000192,ROXIL 500MG CAPSULES 20`S,GHU2,BOX20,8.5,8.5,3.3471,28.4504
A00000220,ZETRON 250 MG CAPSULES  6`S,GHU2,BOX6,13,13,2.9545,38.4085
A00000142,CLARITT 250 MG TABLETS 14 S,GHU2,PAK14,2,2,3.1105,6.221
A00000237,ZECUF SYRUP- 100ML,GHU2,PAK,55,55,0.7355,40.4525
A00002891,MASCULAN CONDOMS 2   10`S,GHU2,BOX10,5,5,2.55,12.75
A00000236,"TIN TIN LIDO (ORANGE) LOZENGES, 2X12`S BLISTER",GHU2,PAK24,4.5,4.5,2.1387,9.6242
A00000244,CONCAVIT DROPS  15ML,GHU2,BOX,5,5,2.041,10.205
A00000232,METROGYL DENTALGEL 20G,GHU2,PAK,4,4,0.4595,1.838
A00002890,MASCULAN CONDOMS 1  10`S,GHU2,BOX10,14,14,2.1094,29.5316
A00000209,VAVO SHAMPOO  2%  100 ML,GHU2,BOT,36,36,1.0887,39.1932
A00002900,MASCULAN LONG PLEASURE 3`S,GHU2,PAK,14,14,0.65,9.1
A00003374,DICLOPID TABLETS 20`S,GHU2,PAK20,10.5,10.5,1.701,17.8605
A00000183,PROKININ TABLETS 10 MG,GHU2,PAK30,46.352,46.352,0.6234,28.8958
A00003506,TORVAST 10 MG TABLETS 30`S,GHU2,PAK30,0.33,0.33,9.7333,3.212
A00000214,WINEX 400 MG CAPSULES  6`S,GHU2,PAK6,5,5,4.3402,21.701
A00003467,OMAPRO 20MG CAPSULES 28`S,GHU2,PAK28,5.142,5.142,4.5776,23.538
A00000246,CALCIMAX SYRUP  150 ML,GHU2,PAK,1,1,1.559,1.559
A00003159,NEODAY SYRUP  100 ML,GHU2,BOT,6,6,0.6402,3.8412
A00003220,FEROGLOBIN B12 LIQUID  200 ML,GHU2,BOX,14.5,14.5,1.0824,15.6948
A00000249,IRONORM SYRUP 150ML,GHU2,BOX,1,1,1.559,1.559
A00003237,LANZOL 30 MG CAPSULES  30`S,GHU2,PAK30,14.442,14.442,1.4699,21.2283
A00003197,ASTHALIN RESPULES 2.5MG/2.5ML,GHU2,PAK20,2.5,2.5,0.8172,2.043
A00003226,FORACORT 200 INHALER,GHU2,PAK,11,11,3.3063,36.3693
A00003788,BLOPRESS 8MG TABLETS  28 S,GHU2,BOX28,2.5,2.5,3.9996,9.999
A00003382,DUPHASTON 10MG TABLETS  20`S,GHU2,BOX20,4,4,4.5025,18.01
A00003793,BANNER SEACOD CAPSULES  100`S,GHU2,PAK100,2,2,1.3425,2.685
A00003843,CLOFAST- P 50MG TABLETS 20`S,GHU2,PAK20,2,2,2.043,4.086
A00003907,ELICA CREAM  30 GM,GHU2,PAK,12,12,0.8835,10.602
A00000199,TABUNEX 0.05% NASAL SPRAY,GHU2,PAK,10,10,3.2878,32.878
A00002906,MASCULAN CONDOMS GOLD 10`S,GHU2,PAK,4,4,2.5,10
A00003852,DOXIPROCT PLUS OINTMENT 20 GM,GHU2,BOX,9,9,1.408,12.672
A00000180,OMIZ 20 MG CAPSULES 14`S,GHU2,PAK14,33,33,1.769,58.377
A00000203,TABUVAN 160MG F/C TABLETS 30`S,GHU2,PAK30,1.334,1.334,2.4948,3.3281
A00002860,ACCU-CHEK SOFTCLIX  LANCETS 100`S,GHU2,PAK100,0.06,0.06,4.8,0.288
A00002892,MASCULAN CONDOMS 3  10`S,GHU2,BOX10,5,5,2.72,13.6
A00003257,"PROLYTE(ORANGE) -ORS, 4.2GM,10`S",GHU2,PAK10,15.8,15.8,0.6439,10.1736
A00001868,A&D DIGITAL UPPER ARM B.P MONITOR UA-611,GHU2,PCS,3,3,12.87,38.61
A00002907,MASCULAN CONDOMS GOLD 3`S,GHU2,PAK,8,8,1,8
A00003967,GLOVIT CALCIUM CAPLETS 30 S,GHU2,PAK30,2,2,2.196,4.392
A00004017,INDICARDIN 40MG TABLETS 50`S,GHU2,PAK50,4.4,4.4,1.395,6.138
A00003672,REPARIL TABLETS  40 S,GHU2,BOX40,13.25,13.25,2.035,26.9638
A00004252,BELIFAX 20MG CAPSULES 14`S,GHU2,BOX14,18,18,1.3932,25.0776
A00003195,AMLOPRES 10MG TABLETS 30`S,GHU2,PAK30,11.032,11.032,1.7729,19.5586
A00003453,OLFEN SR CAPSULES 100MG  20`S,GHU2,BOX20,5.5,5.5,2.3311,12.8211
A00003447,NEURORUBINE FORTE TABLETS  20`S,GHU2,BOX20,20,20,0.5707,11.414
A00002896,MASCULAN CONDOMS NO.3 (3`S),GHU2,BOX,22,22,0.6,13.2
A00000198,TABIFLEX COOL GEL 50GM,GHU2,BOX,55,55,0.6268,34.474
A00003232,GENUPHIL TABLETS 30`S,GHU2,PAK30,9.003,9.003,1.817,16.3585
A00000200,TOPRAZOLE 40MG E.C.TABLETS 15`S,GHU2,PAK15,7,7,2.8373,19.8611
A00003469,OMOL COLD & FLU TABLETS,GHU2,PAK20,1,1,0.764,0.764
A00003157,NEOMOX 500 MG CAPSULES  20`S,GHU2,BOX20,31.5,31,1.1125,34.4875
A00002893,MASCULAN CONDOMS 4   10`S,GHU2,BOX10,5,5,2.55,12.75
A00003348,ARCOXIA 120MG TABLETS 7 S,GHU2,PAK7,6,6,1.5195,9.117
A00004350,DILATREND TABLETS 6.25MG  30 S,GHU2,BOX30,2,2,2.462,4.924
A00003662,PROSPAN SYRUP  100 ML,GHU2,BOT,17,17,1.3287,22.5879
A00003187,ALERID 10 MG TABLETS 10 S,GHU2,PAK10,342,342,0.6999,239.3658
A00003807,BRUFEN 400 30`S,GHU2,BOX30,7.315,7.315,1.1575,8.4671
A00000223,ZINOXIMOR 500 MG TABLETS  14`S,GHU2,PAK14,6,6,6.8528,41.1168
A00003250,OSTEOCARE TABLETS 30`S,GHU2,PAK30,8.5,8.5,0.8294,7.0499
A00000160,FEXODINE 120 MG TABLETS  14`S,GHU2,PAK14,27,27,0.6675,18.0225
A00003185,ASTHALIN 100 MCG INHALER,GHU2,BOX,8,8,0.8415,6.732
A00003875,DIMET 500 TABLETS 50 S,GHU2,PAK50,8.6,8.6,0.5195,4.4677
A00003207,CARNIVITA FORTE TABLETS 30`S,GHU2,PAK30,5.668,5.668,4.9808,28.2312
A00003546,JANUMET 50/1000MG TABLETS 56`S,GHU2,PAK56,3.125,3.125,14.6819,45.8809
A00002894,MASCULAN CONDOMS NO.1 (3`S),GHU2,BOX,18,18,0.6031,10.8558
A00003671,PANTOR 20MG TABLETS 30`S,GHU2,PAK30,15.874,15.874,2.5821,40.9883
A00003747,ASTATIN 20MG TABLET 30`S,GHU2,PAK30,2,2,7.759,15.518
A00004581,AMARYL M SR 2MG/500MG TABLETS 30`S,GHU2,PAK30,4.667,4.667,2.8717,13.4022
A00004628,BONNISAN LIQUID  120ML,GHU2,BOX,2,2,1.5665,3.133
A00003311,DIPHELIN ADULT COUGH SYRUP 100ML,GHU2,PAK,7,7,0.2384,1.6688
A00004708,CENTRUM SILVER 30`S,GHU2,PAK30,3,3,3.1277,9.3831
A00003268,SEROFLO 250 INHALER  120 DOSES,GHU2,MDI,8,8,6.9248,55.3984
A00003390,DUSPATALIN RETARD 200MG CAPSULES  30 S,GHU2,BOX30,4,4,4.0948,16.3792
A00003804,BLOPRESS 16MG TABLETS 28`S,GHU2,PAK28,3.5,3.5,4.6111,16.1389
A00003654,NISITA NASAL SPRAY 20 ML,GHU2,PAK,28,28,1.906,53.368
A00000202,TABUVAN 80MG F/C TABLETS 30`S,GHU2,PAK30,6,6,2.5278,15.1668
A00005392,OTRIVIN NASAL DROPS - ADULTS  10 ML,GHU2,BOX,50,50,0.8869,44.345
A00002895,MASCULAN CONDOMS NO.2 (3`S),GHU2,BOX,24,24,0.6462,15.5088
A00002898,MASCULAN LONG PLEASURE 10`S,GHU2,PAK,23,23,1.8,41.4
A00004614,BETADINE DRY POWDER SPRAY  55 G,GHU2,PAK,6,6,2.1417,12.8502
A00003279,ULTRA VITAMIN C TABLETS 60`S,GHU2,PAK60,12.25,12.25,1.1784,14.4354
A00004763,CANDID-V6 VAGINAL TABLETS  6`S,GHU2,BOX6,5,5,0.5664,2.832
A00004847,DAFLON 500 TABLETS  30`S,GHU2,BOX30,10.167,10.167,2.569,26.119
A00003224,FLOMIST NASAL SPRAY 100MD 10 ML,GHU2,PAK,7,7,2.0504,14.3528
A00003255,PREGNACARE TABLETS 30`S,GHU2,PAK30,7,7,1.3359,9.3513
A00003277,ULTRA L-CARNITINE&ALA TABLETS 60`S,GHU2,PAK60,1,1,4.513,4.513
A00003307,LA FEMME SOLUTION 250ML,GHU2,PAK,8,8,2.0835,16.668
A00003196,AZEE 500MG F/C TABLETS 3'S,GHU2,PAK3,105,105,1.6843,176.8515
A00003273,THIOTACID 600MG TABLETS 20`S,GHU2,PAK20,4.5,4.5,3.4004,15.3018
A00003381,DUPHALAC SOLUTION  300 ML,GHU2,BOX,7,7,1.7354,12.1478
A00003510,URISPAS 200 MG TABLETS   30S,GHU2,PAK30,2.998,2.998,2.7252,8.1702
A00003547,JANUMET 50/500MG TABLETS 56`S,GHU2,PAK56,1.375,1.375,14.1702,19.484
A00003278,"ULTRA CO-ENZYME Q10 50MG TABLETS,60`S",GHU2,PAK60,2,2,2.714,5.428
A00003292,RARICAP TABLETS 40`S,GHU2,PAK40,1,1,0.592,0.592
A00005158,KOFLET COUGH SYRUP 100 ML,GHU2,PAK,19,19,0.6619,12.5761
A00003517,VISCOR 20 MG TABLETS 30 S,GHU2,PAK30,1,1,6.82,6.82
A00004176,SUDOCREAM  60 G,GHU2,BOX,9,9,1,9
A00003784,BEPANTHEN LOTION  200ML,GHU2,BOX,7,7,1.9037,13.3259
A00005799,TELFAST 120MG TABLETS 15`S,GHU2,BOX15,6,6,1.9157,11.4942
A00005942,ZYRTEC SOLUTION 0.1%  75 ML,GHU2,BOX,2,2,1.551,3.102
A00004469,VENTOLIN EVO HALER 100MC.GM  200 DOSES,GHU2,PAK,8,8,1.6659,13.3272
A00003785,BEROCCA EFFERVESCENT TABLETS,GHU2,BOX,6,6,1.1495,6.897
A00003358,BETASERC 16MG TABS  60`S,GHU2,BOX60,2.669,2.669,6.4429,17.1961
A00004798,CLARITINE TABLETS 10MG   10`S,GHU2,BOX10,6,6,1.34,8.04
A00004803,DICLO M.R. 75 MG TABLETS  20`S,GHU2,BOX20,2.5,2.5,1.1428,2.857
A00004889,EUTHYROX - 150 MCG  100`S,GHU2,BOX100,0.75,0.75,3.192,2.394
A00003227,FEROGLOBIN CAPSULES 30`S,GHU2,PAK30,26.5,26.5,0.8402,22.2653
A00003347,ARCOXIA 90MG TABLETS  28 S,GHU2,PAK28,1.25,1.25,6.696,8.37
A00003468,OLFEN 75 SR DEPOTABS,GHU2,PAK10,3,3,0.7703,2.3109
A00004962,FYBOGEL ORANGE SACHETS 10 S,GHU2,BOX10,12.5,12.5,0.8269,10.3363
A00005216,LORINE SYRUP 100ML,GHU2,BOX,5,5,1.22,6.1
A00003470,ORS 30 GM SACHETS 25`S,GHU2,PAK25,3.2,3.2,3.8438,12.3002
A00004690,CANDID B CREAM  15GM,GHU2,BOX,2,2,0.6975,1.395
A00004692,COVANCE 50 MG TABLETS 30 S,GHU2,PAK30,18.349,18.349,2.409,44.2027
A00004747,COVERAM 5MG/10MG TABLETS 30`S,GHU2,PAK30,1,1,8.01,8.01
A00004780,CONCOR 5MG TABLETS  30 S,GHU2,BOX30,14.667,14.667,2.4619,36.1087
A00003577,AGIOLAX GRANULES (L)  250GM,GHU2,JAR,2,2,1.658,3.316
A00005453,PANADOL ADVANCE TABLETS 24`S,GHU2,PAK24,41,41,0.7445,30.5245
A00003982,G-PRIDE 2 MG TABLETS 10`S,GHU2,PAK10,2,2,0.7295,1.459
A00003472,ORS NEW FOR 200ML SACHETS 10`S,GHU2,PAK10,4.7,4.7,0.78,3.666
A00004504,AYULAX CAPSULES  60`S,GHU2,BOX60,5.316,5.316,2.0704,11.0062
A00003501,TRYPTIZOL 25MG TABLETS  30`S,GHU2,BOX30,3.34,3.34,1.1578,3.8671
A00005469,PANADOL EXTRA OPTIZORB TABLETS 48`S,GHU2,PAK48,36.25,36.25,1.8041,65.3986
A00005626,SNAFI 20 MG TABLETS 4 S,GHU2,PAK4,8.5,8.5,6.2173,52.8471
A00003966,GLOVIT CAPSULE  30 S,GHU2,PAK30,1.5,1.5,2.4547,3.6821
A00003522,ZYNCET 10 MG TABLETS  50`S,GHU2,BOX50,10.2,10.2,1.5858,16.1752
A00003711,ALLERFIN SYRUP 2.5MG/5ML  120ML,GHU2,BOX,9,9,0.3334,3.0006
A00005634,SAPOFEN JUNIOR SUSPENSION  145ML,GHU2,BOX,3,3,0.7923,2.3769
A00005725,SINECOD DROPS  20ML,GHU2,BOX,2,2,1.4315,2.863
A00005726,SINECOD SYRUP   200ML,GHU2,BOX,25,25,2.2835,57.0875
A00003461,OMACE 5MG TABLETS  28 S,GHU2,PAK28,5,5,0.8446,4.223
A00004016,INDICARDIN 10MG TABLETS 50`S,GHU2,PAK50,5.7,5.7,0.9188,5.2372
A00004037,LAMIFEN TABS 250 MG 14S,GHU2,BOX14,2,2,5.577,11.154
A00004069,MUCOPAIN 15 MG,GHU2,TUB,10,10,0.5125,5.125
A00004224,VISCODRIL EXPECTORANT 100ML,GHU2,PAK,25,25,0.4105,10.2625
A00004498,ADVIL 200MG TABLETS  50 S,GHU2,PAK50,11,11,1.1795,12.9745
A00003452,OLFEN TABLETS 50MG   20`S,GHU2,BOX20,2,2,1.299,2.598
A00003758,BANNER SEACOD CAPSULES  500`S,GHU2,PAK500,2,2,3.6575,7.315
A00004041,L-CET 5MG TABLETS 20`S,GHU2,PAK20,8,8,1.2835,10.268
A00004043,MEVA 135 MG TABLETS  30`S,GHU2,BOX30,2.67,2.67,1.2506,3.3391
A00003745,AMLO 10MG CAPSULES 30`S,GHU2,PAK30,5.667,5.667,8.0125,45.4068
A00004087,OPTIFRESH TEARS EYE DROPS  10 ML,GHU2,PAK,7,7,1.1,7.7
A00004118,PREDO SYRUP 15MG/5ML,GHU2,PAK,4,4,3.2355,12.942
A00003408,HEDRALIX SYRUP 100ML,GHU2,PAK,10,10,1.0988,10.988
A00004968,FEVADOL TABLETS 500MG  20`S,GHU2,BOX20,11,11,0.2502,2.7522
A00003939,FLUCA EYE DROPS  10 ML,GHU2,PAK,3,3,1.7643,5.2929
A00002897,MASCULAN CONDOMS NO.4 (3`S),GHU2,BOX,7,7,0.6,4.2
A00003736,ACTOS TABLET 30 MG   30 S,GHU2,PAK30,3,3,8.4777,25.4331
A00004349,DILATREND TABLETS 25MG  30 S,GHU2,BOX30,0.34,0.34,4.6118,1.568
A00004591,ASPIRIN PROTECT 100-  20 S PACK,GHU2,PAK20,7.5,7.5,0.5163,3.8723
A00005104,HYLO CARE EYE DROPS,GHU2,BOT,1,1,3.341,3.341
A00005215,LORINE 10MG TABLETS 10`S,GHU2,BOX,8,8,0.9845,7.876
A00003988,NEO-HEALAR OINTMENT 30GM,GHU2,BOX,1,1,1.966,1.966
A00003798,BRONKOVENT SYRUP  100 ML,GHU2,PAK,7,7,0.5774,4.0418
A00003803,BRUFEN 600MG SACHETS,GHU2,PAK20,9.95,9.95,2.4585,24.4621
A00005694,SAPOFEN 400MG TABLETS 100`S,GHU2,PAK100,4.8,4.8,2.2523,10.811
A00003456,OLFEN GEL (L)  50 GM,GHU2,BOX,6,6,0.8423,5.0538
A00003555,MARVELON TABLETS 21`S,GHU2,PAK21,7,7,1.1904,8.3328
A00004506,AYUVIGO FORTE CAPSULES  60`S,GHU2,BOX60,2,2,2.1575,4.315
A00004521,ATODERM CREAM 500ML,GHU2,PAK,2,2,9.3425,18.685
A00004573,AYURSLIM CAPSULES  60`S,GHU2,BOT,7,7,3.0781,21.5467
A00005005,GALVUS 50 MG 28`S,GHU2,PAK28,7,7,4.965,34.755
A00005034,GLUCOPHAGE 1 GM TABLETS 30 S,GHU2,PAK30,9.167,9.167,1.6204,14.8542
A00003791,BANNER POWER PLUS CAPSULES 30`S,GHU2,BOX30,6,6,1.3532,8.1192
A00003792,BANNER POWER PLUS GOLD CAPSULES 30`S,GHU2,PAK30,1,1,2.212,2.212
A00006078,FLUCAZOL 150MG 1`S,GHU2,PAK,7,7,1.3624,9.5368
A00004578,AERIUS 5MG TABLETS 20`S,GHU2,PAK20,4.5,4.5,2.2124,9.9558
A00003708,OMNICEF SUSPENSION 125MG/5ML  40ML,GHU2,PAK,2,2,3.6195,7.239
A00005498,PRIMOLUT N 5MG TABLETS  30`S,GHU2,BOX30,8,8,1.4085,11.268
A00005662,SYSTANE ULTRA LUBRICATING EYE DROPS 30`S,GHU2,PAK30,6.833,6.833,4.3439,29.6819
A00005846,VOLTAREN TABLETS RETARD 100MG  10`S,GHU2,BOX10,5,5,2.1712,10.856
A00005847,VOLTAREN TABLETS 50MG  20`S,GHU2,BOX20,2.5,2.5,2.622,6.555
A00003862,DOMPY 1% SUSPENSION  200ML,GHU2,BOT,9,9,0.8617,7.7553
A00004745,COLLOMACK SOLUTION  10ML,GHU2,BOX,5,5,0.4864,2.432
A00004104,PROPOLSAFT SYRUP 125ML,GHU2,BOT,2,2,1.6595,3.319
A00003806,BLOPRESS 8 PLUS TABLETS 28`S,GHU2,PAK28,1,1,4.226,4.226
A00003744,AMLO 5MG CAPSULES 30`S,GHU2,PAK30,6.001,6.001,4.0232,24.1432
A00003260,"PROLYTE (LIME)-ORS, 4.2GM, 10`S",GHU2,PAK10,10.4,10.4,0.7342,7.6357
A00003269,SEROFLO 125 INHALER  120 DOSES,GHU2,MDI,5,5,5.324,26.62
A00005927,ZYLORIC 300MG TABLETS  28 S,GHU2,BOX28,3,3,2.487,7.461
A00004934,EXFORGE HCT 10/160/12.5 TABLETS 28`S,GHU2,PAK28,5,5,8.445,42.225
A00004969,FEROSE TABLETS 100MG  30`S,GHU2,BOX30,2.333,2.333,1.5315,3.573
A00004292,CONTRACTUBEX GEL  20GM,GHU2,BOX,3,3,1.6823,5.0469
A00006307,"HI-DEE 10,000 IU SOFTGEL CAPSULES 30`S",GHU2,PAK30,5,5,2.9192,14.596
A00006535,GYNO-MIKOZAL 200 MG  OVULES  7 S PACK,GHU2,PAK7,1,1,1.945,1.945
A00005805,TOBRADEX OPHTHALMIC OINTMENT  3.5 GM,GHU2,BOX,7,7,1.6409,11.4863
A00004636,BRUFEN TABLETS 600MG  30`S,GHU2,BOX30,11.689,11.689,1.3919,16.2699
A00003782,BEPANTHEN CREAM  30GM,GHU2,BOX,22,22,0.95,20.9
A00003344,ARCOXIA 60MG TABLETS  28 S,GHU2,PAK28,1,1,6.915,6.915
A00003985,GEVITA CAPSULES 30`S,GHU2,PAK30,4.5,4.5,2.9984,13.4928
A00003994,HYFRESH EYE DROPS 10ML,GHU2,PAK,1,1,2.517,2.517
A00006905,OLMETEC PLUS 20/12.5MG TABLETS 28`S,GHU2,PAK28,0.5,0.5,6.336,3.168
A00006962,VERMOX SUSPENSION 100MG/5ML  30ML,GHU2,BOX,1,1,0.796,0.796
A00004382,FUCIDIN-H CREAM 30GM,GHU2,PAK,7,7,2.9994,20.9958
A00004384,FUCIDIN OINTMENT 30GM,GHU2,PAK,2,2,1.3275,2.655
A00004355,"DREZ SOLUTION (10%), 100ML",GHU2,PAK,7,7,0.9887,6.9209
A00004501,ADVIL 200 MG LIQUIGEL CAPLETS  32`S,GHU2,PAK32,3,3,1.426,4.278
A00004665,BETADINE SOLUTION  120ML,GHU2,PAK,5,5,2.2294,11.147
A00003777,BECOZYME FORTE TABLETS  20 S,GHU2,BOX20,10,10,0.9752,9.752
A00004868,DIAMICRON MR 60MG TABLETS (30`S),GHU2,PAK30,16.5,16.5,2.265,37.3725
A00003993,HEXIGEL 15GM TUBE (CHLORHEXIDINE 1%),GHU2,TUB,11,11,0.5005,5.5055
A00004661,BETADINE VAGINAL DOUCHE KIT  250ML,GHU2,BOX,3,3,5.5693,16.7079
A00004689,CANDID CREAM  20GM,GHU2,BOX,9,9,0.6321,5.6889
A00005412,OTRIVIN 0.1%  MD NASAL SPRAY - ADULTS    10 ML,GHU2,PAK,17,17,1.3774,23.4158
A00006584,MEBO CREAM  15 GM,GHU2,BOX,6,6,1.5645,9.387
A00006585,MEBO CREAM  30GM,GHU2,BOX,6,6,2.8597,17.1582
A00004746,COVERAM 10MG/5MG TABLETS 30`S,GHU2,PAK30,2,2,9.922,19.844
A00004232,XOLAMOL EYE DROPS  5ML,GHU2,PAK,1,1,2.928,2.928
A00003877,DURACAN CAPSULES 1 S,GHU2,PAK,3,3,1.9683,5.9049
A00003503,TYOTOCIN EAR DROPS  15 ML,GHU2,BOX,22,22,0.57,12.54
A00003696,URALYT-U GRANULES  280 GM,GHU2,BOX,4,4,4.6123,18.4492
A00005226,LOVIR 800MG TABLETS 50 S,GHU2,PAK50,2.1,2.1,17.8667,37.5201
A00005250,MOSEGOR TABLETS 0.5MG  30 S,GHU2,BOX30,0.004,0.004,1.5,0.006
A00005282,MOBIC TABLETS 15MG  30`S,GHU2,BOX30,0.003,0.003,4,0.012
A00004032,LAMIFEN CREAM 15 GM,GHU2,PAK,10,10,0.9865,9.865
A00004730,CO DIOVAN TABS 80 MG/12.5 MG TABLETS   28S,GHU2,BOX28,6,6,3.447,20.682
A00004789,CANDID V1 VAGINAL TABLETS  1`S,GHU2,BOX,3,3,0.4393,1.3179
A00004507,ATODERM CREAM 200ML,GHU2,BOX,1,1,6.999,6.999
A00007497,OPPO SACRO LUMBAR SUPPORT  (M),GHU2,PAK,4,4,8.2213,32.8852
A00003850,DOMPY 10 MG TABLETS  30`S,GHU2,BOX30,9.011,9.011,0.6798,6.1257
A00003913,ELICASAL OINTMENT 30 GM,GHU2,TUB,7,7,1.6323,11.4261
A00005554,PANADOL SINUS  TABLETS  24 S,GHU2,PAK24,9,9,1.1986,10.7874
A00005690,SPORIDEX CAPSULES 500MG 10`S,GHU2,BOX10,3,3,0.71,2.13
A00004514,ACC LONG EFFERVESCENT TABLETS 600MG 10`S,GHU2,PAK10,4,4,0.9403,3.7612
A00004497,ADVIL COLD AND SINUS TABLETS 20 S,GHU2,PAK20,34.5,34.5,0.9305,32.1023
A00004198,URAL GRANULES - 4GM SATCHETS  28`S,GHU2,BOX28,4.162,4.162,2.4666,10.266
A00003673,REPARIL GEL   40 GM,GHU2,BOX,7,7,1.19,8.33
A00004098,OPTILONE EYE DROPS 5 ML,GHU2,VIL,5,5,1.0132,5.066
A00004453,VENTOLIN SYRUP 2MG/5ML  150ML,GHU2,BOX,5,5,0.615,3.075
A00004503,AYUGES CAPSULES  60`S,GHU2,BOX60,1.495,1.495,2.1405,3.2
A00004700,CIPRALEX 20 MG TABLETS 28`S,GHU2,PAK28,1,1,12.475,12.475
A00005142,IMODIUM 2MG TABLETS 12`S,GHU2,PAK12,3,3,1.9783,5.9349
A00004128,RENNIE TABLETS  96`S,GHU2,BOX96,7,7,0.724,5.068
A00004701,COVERAM 5MG/5MG TABLETS 30`S,GHU2,PAK30,3,3,6.065,18.195
A00004750,CO DIOVAN TABLETS 160 MG/12.5MG     28 S,GHU2,PAK28,5,5,3.783,18.915
A00005446,PEDIAFER DROPS 15MG/ML,GHU2,BOT,2,2,3.12,6.24
A00003853,DOXIPROCT OINTMENT  30 GM,GHU2,BOX,2,2,1.8305,3.661
A00004383,FUCIDIN CREAM 30GM,GHU2,PAK,5,5,1.7694,8.847
A00004716,CANDID DUSTING POWDER  30GM,GHU2,BOX,12,12,0.4005,4.806
A00004887,EUTHYROX - 100 MCG  100`S,GHU2,BOX100,0.5,0.5,2.742,1.371
A00004910,ELOCOM OINTMENT 0.1% (L)  30 GM,GHU2,BOX,2,2,1.575,3.15
A00006306,HI-DEE 5000 IU SOFTGEL CAPUSLES 30`S,GHU2,PAK30,2,2,2.3605,4.721
A00006390,SUPRAX 100MG/5ML SUSPENSION  30ML,GHU2,BOX,2,2,1.622,3.244
A00004630,BETADINE THROAT SPRAY  50 ML,GHU2,BOT,7,7,1.6504,11.5528
A00005578,ROFENAC 50 MG TABLETS  100`S,GHU2,BOX100,0.2,0.2,3.525,0.705
A00004123,FRESH ROYAL JELLY CAPS 1000MG 30`S-MARNY`S,GHU2,BOX30,2,2,7.02,14.04
A00004929,EXFORGE TAB 160+10MG,GHU2,PAK28,3,3,7.148,21.444
A00004898,ENHANCIN 1GM TABLETS  7X2`S,GHU2,PAK14,3,3,5.0883,15.2649
A00004932,EXFORGE HCT 5/160/12.5 TABLETS 28`S,GHU2,PAK28,1.5,1.5,7.222,10.833
A00006589,MUCUM SYRUP  100 ML,GHU2,BOT,46,46,0.2836,13.0456
A00004178,SUDOCREAM 250 G,GHU2,PAK,5,5,2.5312,12.656
A00005347,NEXIUM TABLETS 20MG  14`S,GHU2,BOX14,5.5,5.5,2.6849,14.767
A00004241,ZYCAL SOFT TABLETS 30`S,GHU2,PAK30,2,2,2.264,4.528
A00005602,ROFENAC-D 50MG TABLETS  20 S,GHU2,BOX20,3.5,3.5,2.3309,8.1582
A00004691,CANDID EAR DROPS  15ML,GHU2,BOX,5,5,0.6964,3.482
A00005044,GLUCOPHAGE XR 750MG TABLETS 30`S,GHU2,PAK30,13,13,2.118,27.534
A00003876,DIMET 850 TABLETS 50 S,GHU2,PAK50,7.2,7.2,0.9032,6.503
A00004794,CIPRALEX  10 MG  TABLETS   28-S,GHU2,PAK28,1,1,8.552,8.552
A00004913,ELOCOM LOTION 0.1%  30 ML,GHU2,BOX,5,5,1.5962,7.981
A00004862,DIOVAN 160MG TABLETS 28`S,GHU2,BOX28,6,6,3.759,22.554
A00005651,STORVAS 20MG TABLETS 30`S,GHU2,PAK30,9.004,9.004,4.8691,43.8414
A00005744,STREPSILS SUGAR FREE LOZENGES  16`S,GHU2,BOX16,3,3,1.4843,4.4529
A00004710,CENTRUM SILVER TABLETS 100`S,GHU2,PAK100,5,5,7.8592,39.296
A00004870,DICLO 150 ID MR TABLETS 10`S,GHU2,PAK10,2,2,2.177,4.354
A00003914,ELICA-M CREAM 30 G,GHU2,TUB,31,31,1.5605,48.3755
A00003981,G-PRIDE 1MG TABLETS 10`S,GHU2,PAK10,4,4,0.4338,1.7352
A00004886,EUTHYROX - 50 MCG  100`S,GHU2,BOX100,7.25,7.25,1.8789,13.622
A00004781,CONCOR 10MG TABLETS  30 S,GHU2,BOX30,2,2,3.0555,6.111
A00006991,ENEMAX ENEMA 120ML,GHU2,PAK,1,1,0.665,0.665
A00005168,LORINASE SYRUP  100 ML,GHU2,BOT,6,6,1.2015,7.209
A00005287,MICARDIS 40MG TABLETS  28 S,GHU2,BOX28,2,2,4.982,9.964
A00004092,OPTIDEX - T OPHTHALMIC SOLUTION  5ML,GHU2,PAK,9,9,1.2724,11.4516
A00004681,CRESTOR 20MG TABS (ROSUVASTATIN),GHU2,PAK28,3,3,14.0257,42.0771
A00004717,CANDID-V3 VAGINAL TABLETS  3`S,GHU2,BOX3,3,3,0.5207,1.5621
A00004919,EMLA CREAM 5%    5 GM X 5 S,GHU2,BOX5,0.2,0.2,7.145,1.429
A00004990,FLUTAB SINUS TABLETS 20`S,GHU2,PAK20,16.5,16.5,0.549,9.0585
A00005035,GLUCOPHAGE 850 TABLETS 30 S,GHU2,PAK30,4,4,1.2885,5.154
A00004938,"ENTEROGERMINA ORALE VIAL 5ML, 20`S",GHU2,PAK20,1.5,1.5,4.826,7.239
A00006892,MATADOR 500MG TABLETS 7`S,GHU2,PAK7,1,1,2.785,2.785
A00004629,BONJELA GEL,GHU2,BOX,5,5,0.819,4.095
A00004259,DEWAX EAR DROPS 10ML,GHU2,PAK,1,1,0.343,0.343
A00004633,BETADINE SCALP & SKIN CLEANSER  125 ML,GHU2,BOT,4,4,3.1295,12.518
A00005647,STORVAS 10 MG TABLETS  30`S,GHU2,BOX30,4.671,4.671,1.952,9.1178
A00005220,LIV 52 DS TABLETS 90S,GHU2,PAK90,7,7,1.4244,9.9708
A00005291,MICARDIS PLUS 40MG TABLETS   28 S,GHU2,PAK28,1,1,7.033,7.033
A00005004,GAVISCON EXTRA STRENGTH 500MG TABS  24`S,GHU2,PAK24,3.25,3.25,1.748,5.681
A00005039,GLUCOVANCE 500MG/2.5MG TABLETS 30 S,GHU2,PAK30,2,2,1.3915,2.783
A00005000,GAVISCON SUSPENSION  200ML,GHU2,BOX,7,7,1.3319,9.3233
A00005020,GINSANA G115 CAPSULES  30`S,GHU2,BOX30,2,2,3.6385,7.277
A00004589,ASPIRIN-C EFFERVESCENT TABLETS  10`S,GHU2,BOX10,2,2,0.6685,1.337
A00005050,GLUCOPHAGE XR 1000MG 30`S,GHU2,PAK30,8.676,8.676,3.2056,27.8118
A00006139,AMOCLAN 200 BID POWDER 70 ML,GHU2,BOT,4,4,0.9283,3.7132
A00005687,SPEMAN FORTE TABLETS 100'S,GHU2,BOX100,6,6,1.9855,11.913
A00007059,TRILAGAVIT TABLETS  30`S,GHU2,BOX30,11,11,1.6804,18.4844
A00004494,AUGMENTIN 625MG TABLETS  20`S,GHU2,BOX20,8,8,5.646,45.168
A00005038,GLUCOVANCE 500/5 MG  TABLETS 30 S,GHU2,PAK30,2,2,1.837,3.674
A00015439,VOLTAREN EMULGEL 12HRS 2.32% 50GM,GHU2,PAK,5,5,2.2534,11.267
A00004271,OTOCOL EAR DROPS  10 ML,GHU2,BOX,23,23,0.5909,13.5907
A00005745,SUPIROCIN OINTMENT 2%  15 GM,GHU2,BOX,6,6,1.4727,8.8362
A00005049,GLIM 3MG TABLETS 30`S,GHU2,PAK30,11.637,11.637,2.6763,31.1441
A00005652,STREPSILS INTENSIVE LOZENGES 8.7MG 16`S,GHU2,PAK16,10,10,1.319,13.19
A00004471,XENICAL 120MG CAPSULES  84`S,GHU2,BOX84,1,1,13.762,13.762
A00004519,AVODART 0.5MG 30`S,GHU2,PAK30,1,1,10.81,10.81
A00005885,VOLTFAST 50MG POWDER SACHETS 30`S,GHU2,PAK30,14.965,14.965,4.6203,69.1428
A00004603,AUGMENTIN 1GM TABLETS  14`S,GHU2,BOX14,4,4,7.563,30.252
A00004828,DIOVAN 80MG TABLETS  28`S,GHU2,BOX28,9.5,9.5,3.43,32.585
A00005332,NATRILIX SR TABLETS  30`S,GHU2,BOX30,1,1,2.446,2.446
A00005279,MOBIC TABLETS 7.5 MG  10`S,GHU2,BOX10,3,3,0.96,2.88
A00005295,METAZ OINTMENT 0.1%  30 GM,GHU2,PAK,1,1,1.251,1.251
A00005385,OPTREX EYE LOTION (S)  110 ML,GHU2,BOX,6,6,1.7055,10.233
A00004909,ELOCOM CREAM 0.1% (L)  30 GM,GHU2,BOX,1,1,1.575,1.575
A00004966,FELDENE DISPERSIBLE TABS 20MG,GHU2,BOX10,5,5,1.994,9.97
A00006448,ADOL DROPS 100MG/ML 15ML,GHU2,BOX,5,5,0.3014,1.507
A00006510,CETRALON SYRUP 75ML,GHU2,PAK,4,4,0.751,3.004
A00005650,STREPSILS LOZENGES EXTRA (BLACK CURRANT),GHU2,PAK24,1.5,1.5,1.73,2.595
A00006118,OMOL DROPS 15 ML,GHU2,PAK,2,2,0.6155,1.231
A00006140,AMOCLAN 400 BID POWDER 70 ML,GHU2,BOT,6,6,1.0817,6.4902
A00005413,OTRIVIN 0.05% MD NASAL SPRAY - PAEDIA.  10 ML,GHU2,PAK,4,4,1.2805,5.122
A00006524,FOLICUM 5MG TABLETS  20 S,GHU2,BOX20,7,7,0.3201,2.2407
A00006587,MOXAL SUSPENSION 200ML,GHU2,PAK,10,10,0.4367,4.367
A00005492,PREDFORTE EYE DROPS 10MG/ML  5 ML,GHU2,BOX,8,8,1.2329,9.8632
A00006344,NOPAIN TABLETS 250MG  20`S,GHU2,BOX20,20,20,0.7577,15.154
A00006345,NOPAIN DS TABLETS 500MG  10 S,GHU2,BOX10,2,2,0.7605,1.521
A00007383,OPPO HINGED KNEE SUPPORT (L),GHU2,PAK,3,3,8.3383,25.0149
A00004033,LOXTRA EYE DROPS 5 ML,GHU2,PAK,6,6,1.4518,8.7108
A00006930,ROWACHOL CAPSULES  50 S,GHU2,BOX50,1,1,1.05,1.05
A00005933,ZESTRIL TABLETS 10MG  28`S,GHU2,BOX28,5,5,2.306,11.53
A00007078,DAROLAC SACHETS 1GM,GHU2,PAK10,1.3,1.3,1.3262,1.7241
A00005622,RACIPER 40MG TABLETS 28`S,GHU2,PAK28,1.5,1.5,6.13,9.195
A00007452,OPPO ELBOW SUPPORT -XL,GHU2,PAK,3,3,0.9523,2.8569
A00005955,ZENTEL 400MG TABLETS,GHU2,PAK,35,35,0.681,23.835
A00004971,FLAGYL TABLETS 400MG  14`S,GHU2,BOX14,7,7,1.4164,9.9148
A00008271,SEBAMED SUNCARE 50,GHU2,PAK,1,1,3.525,3.525
A00005696,STREPSILS WITH VIT-C LOZENGES  24`S,GHU2,BOX24,6.5,6.5,1.5398,10.0087
A00014427,PREXAL 5MG TABLETS 30`S,GHU2,PAK30,4.334,4.334,10.4409,45.2509
A00010639,JOHNSONS BABY POWDER (S)  100 GM,GHU2,BOX,1,1,0.821,0.821
A00004571,AVAMYS NASAL SUSPENSION SPRAY 27.5 MCG 120 SPRAYS,GHU2,PAK,1,1,3.923,3.923
A00005800,TELFAST 180MG TABLETS 15`S,GHU2,BOX15,6,6,2.1045,12.627
A00004928,EXFORGE TAB 160 + 5MG,GHU2,PAK28,1,1,5.925,5.925
A00005661,"SAPOFEN COLD AND FLU TABLETS, 20`S",GHU2,PAK20,9.5,9,0.669,6.021
A00005812,SEROXAT CR 25 MG (PAROXETINE),GHU2,PAK30,2,2,9.159,18.318
A00004248,APISAL EYE/NOSE DROPS  10ML,GHU2,BOX,5,5,0.3826,1.913
A00004703,COVERAM 10MG/10MG TABLETS 30`S,GHU2,PAK30,1,1,11.317,11.317
A00004696,CRIXAN OD TABLETS  10`S,GHU2,PAK10,1.5,1.5,3.3407,5.0111
A00004712,CANDID LOTION  20ML,GHU2,BOX,4,4,0.6035,2.414
A00004731,CENTRUM TABLETS 100`S,GHU2,PAK100,8,8,6.4995,51.996
A00004951,FEROSE-F TABLETS 30`S,GHU2,BOX30,3.001,3.001,1.1526,3.459
A00004680,CRESTOR 10MG TABS,GHU2,PAK28,3.5,3.5,8.2729,28.9552
A00004695,CONFIDO TABLETS  120`S,GHU2,PAK120,10,10,2.4366,24.366
A00004787,COVERSYL 5MG TABLET 30`S,GHU2,BOX30,6,6,4.883,29.298
A00016591,"PIGEON GLASS NURSER, K-6, 200ML",GHU2,BOT,2,2,1.569,3.138
A00005041,GAVISCON ADVANCE SUSPENSION 300 ML,GHU2,BOT,10,10,1.97,19.7
A00006569,LAXOCODYL 10MG SUPPOSITORY -ADULT 10`S,GHU2,PAK10,2,2,0.6295,1.259
A00005463,PANADOL COLD & FLU ALL IN ONE 24`S,GHU2,PAK24,22.682,22.682,1.2489,28.3276
A00004882,EUTHYROX - 25 MCG 100`S,GHU2,BOX100,5.75,5.75,1.436,8.257
A00004923,ENHANCIN 625 MG TABLETS    20S,GHU2,PAK20,2.5,2.5,2.4056,6.014
A00004959,FEVADOL SYRUP - SUGAR FREE 160MG/5ML  145 ML,GHU2,BOT,6,6,0.6098,3.6588
A00005161,KLAVOX 1GM TABLETS 14`S,GHU2,PAK14,9.5,9.5,4.8962,46.5139
A00017272,QV BABY MOISTURIZING CREAM 100GM,GHU2,PAK,2,2,4.0495,8.099
A00017384,VISSCO KNEE BRACE 19' -LARGE (0701 L),GHU2,PAK,1,1,2.756,2.756
A00005083,HISTOP SYRUP 2MG/5ML  100ML,GHU2,BOX,8,8,0.4901,3.9208
A00005151,KLAVOX 625MG TABLETS  20`S,GHU2,BOX20,4.5,4.5,1.3476,6.0642
A00016598,NEUROBION COATED TABLETS 30'S,GHU2,PAK30,15.018,15.018,1.7186,25.8099
A00006536,GYNO MIKOZAL 400MG VAGINAL OVULES 3`S,GHU2,PAK,2,2,1.2345,2.469
A00006577,MOXAL PLUS SUSPENSION  100 ML,GHU2,BOX,19,19,0.2733,5.1927
A00006533,GLYZIDE 80MG TABLETS 60`S,GHU2,PAK60,2.001,2.001,2.6297,5.262
A00005857,VOLTAREN TABLETS SR 75MG  10`S,GHU2,BOX10,10,10,1.0917,10.917
A00016729,DEPLATT 75 MG TABLET 30`S,GHU2,PAK30,3.001,3.001,7.2549,21.772
A00004658,BETADINE MOUTH WASH GARGLE  125ML,GHU2,BOX,5,5,2.3494,11.747
A00005736,SAPOFEN 600MG  TABLETS 30 S,GHU2,PAK30,5.333,5.333,0.9931,5.2962
A00005820,TRAJENTA 5MG TABLETS 30`S,GHU2,PAK30,5.001,5.001,10.9562,54.792
A00004819,DIANE-35 TABLETS  21`S,GHU2,BOX21,12,12,1.937,23.244
A00007487,OPPO ANKLE BRACE  (S),GHU2,PAK,1,1,1.474,1.474
A00006975,AIRONYL SYRUP 1.5MG/5ML 120 ML,GHU2,PAK,20,20,0.417,8.34
A00007036,ORACURE GEL 15GM,GHU2,PAK,5,5,0.5962,2.981
A00006388,SUPRAX 400MG CAPSULES  6`S,GHU2,BOX6,4,4,7.296,29.184
A00006458,AMYDRAMINE PEDIATRIC SYRUP  120ML,GHU2,BOX,4,4,0.4285,1.714
A00006135,AMOCLAN 625MG FORTE TABLETS 15`S,GHU2,BOX15,2.339,2.339,1.4066,3.29
A00005922,ZENTEL SUSPENSION 100MG/5ML,GHU2,BOX,3,3,0.7877,2.3631
A00004829,DALACIN-C 150MG CAPSULES 16`S,GHU2,BOX16,3,3,1.5637,4.6911
A00004986,FLUCORIC 150MG CAPSULES,GHU2,PAK,1,1,1.525,1.525
A00005048,GLIM 2MG TABLETS 30`S,GHU2,PAK30,12.003,12.003,1.8588,22.3112
A00005051,GALVUSMET 50MG/500MG TABLETS 60`S,GHU2,PAK60,4.161,4.161,9.3891,39.068
A00011455,AMLORINE 10MG TABLETS 30`S,GHU2,PAK30,5,5,2.8314,14.157
A00011663,ZECUF LOZENGES (HERBAL) 2X12`S BLISTER PACK,GHU2,PAK24,2.5,2.5,1.3544,3.386
A00006615,"NOVALAC 3 GENIO, 400GM",GHU2,PAK,1,1,3.037,3.037
A00006629,PANDERM CREAM  15GM,GHU2,BOX,6,6,0.8,4.8
A00006889,MYCOHEAL VAGINAL CREAM  2% 50 GM,GHU2,BOX,1,1,1.765,1.765
A00005486,PANADOL COLD AND FLU CAPLETS  24 S,GHU2,PAK24,50.5,50.5,1.091,55.0955
A00005708,SKINOREN CREAM  20 %  30 GM,GHU2,BOX,2,2,2.7355,5.471
A00005880,VERINE 135MG TABLETS30`S,GHU2,PAK30,7.003,7.003,1.449,10.1473
A00016131,SYSTANE ULTRA DROPS 10ML,GHU2,PAK,2,2,3.6905,7.381
A00004809,DALACIN-C CAPSULES 300MG  16`S,GHU2,BOX16,1.5,1.5,2.9047,4.3571
A00005512,PANADOL NIGHT TABLETS 24`S,GHU2,PAK24,4,4,1.1178,4.4712
A00007527,OPPO ABDOMINAL SUPPORT - L,GHU2,PAK,1,1,9.75,9.75
A00004637,BRUFEN SYRUP 100MG/5ML 100ML,GHU2,BOX,10,10,0.9865,9.865
A00006459,ALFACORT 1% OINTMENT  15GM,GHU2,TUB,10,10,0.43,4.3
A00005187,LIV-52 TABLETS  100`S,GHU2,BOX100,9,9,0.978,8.802
A00006658,SCOPINAL 10MG TABLETS 20 S,GHU2,BOX20,7,7,0.5971,4.1797
A00005047,GLIM 1MG TABLETS 30`S,GHU2,PAK30,6.341,6.341,1.0765,6.8261
A00005355,NEXIUM 40MG TABLETS  14`S,GHU2,BOX14,4,4,3.549,14.196
A00007376,OPPO KNEE SUPPORT  (S),GHU2,PAK,3,3,0.983,2.949
A00004694,CONCOR-COR 2.5 MG,GHU2,PAK30,15,15,1.641,24.615
A00005387,OPTREX EYE DROPS   10 ML,GHU2,BOX,43,43,1.0615,45.6445
A00005916,YASMIN TABLETS 21`S,GHU2,PAK21,7,7,2.4939,17.4573
A00004499,AERIUS SYRUP 150 ML,GHU2,PAK,3,3,1.9407,5.8221
A00005625,SEPTILIN SYRUP  200 ML,GHU2,PAK,1,1,1.56,1.56
A00005603,ROFENAC GEL 50GM,GHU2,PAK,4,4,0.8693,3.4772
A00007373,OPPO RIB BELT,GHU2,PAK,1,1,2.328,2.328
A00005706,SEROXAT TABLETS 20MG  30`S,GHU2,BOX30,0.667,0.667,5.934,3.958
A00005508,PANADOL ACTIFAST  TABLETS 20 S,GHU2,PAK20,8.5,8.5,0.8338,7.0873
A00005909,XYZAL FC TABLETS 30 S,GHU2,PAK30,2.001,2.001,2.2169,4.436
A00005864,VIGAMOX OPHTHALMIC SOLUTION (0.5%) 5ML,GHU2,BOX,3,3,2.2583,6.7749
A00006086,LOHIST 10 MG TABLETS 10S,GHU2,PAK10,25,25,1.0069,25.1725
A00005695,STREPSILS LOZENGES (HONEY/LEMON)  24`S,GHU2,BOX24,5,5,1.541,7.705
A00005046,GALVUSMET 1000MG TABLETS 60`S,GHU2,PAK60,0.474,0.474,10.9304,5.181
A00005825,TRIPLIXAM 5MG/1.25MG/5MG F/C TABLETS 30`S,GHU2,PAK30,1,1,9.348,9.348
A00006137,AMOCLAN FORTE 312MG SUSPENSION  100ML,GHU2,BOX,2,2,1.4385,2.877
A00006903,OLMETEC 40MG (OLMESARTAN MEDOXOMIL),GHU2,PAK28,1.75,1.75,8.0263,14.046
A00006904,OMNIC OCAS 0.4MG TABLETS 30`S,GHU2,PAK30,5.338,5.338,6.9268,36.9753
A00005259,MICROGYNON TABLETS  21`S,GHU2,BOX21,4,4,0.927,3.708
A00005292,MICARDIS PLUS 80/12.5MG TABLETS 28 S,GHU2,PAK28,1,1,7.033,7.033
A00005773,TENORMIN TABLETS 25MG  28`S,GHU2,BOX28,2,2,1.461,2.922
A00006008,FOLITAB 5MG 30`S,GHU2,PAK30,7.002,7.002,0.4946,3.4632
A00005755,TENORMIN TABLETS 50MG  28`S,GHU2,BOX28,2.5,2.5,1.6484,4.121
A00006223,FERRO-FOL CAPSULES  30`S,GHU2,BOX30,0.667,0.667,0.8846,0.59
A00006530,GUPISONE TABLETS 5MG 20`S,GHU2,BOX20,26,26,0.5065,13.169
A00004759,CANESTEN CREAM  20GM,GHU2,BOX,4,4,1.325,5.3
A00006925,ROWATINEX CAPSULES  50 S,GHU2,BOX50,3.2,3.2,0.84,2.688
A00006004,FLUDREX TABLETS 24 S,GHU2,PAK24,13,13,0.729,9.477
A00005234,"LANTUS SOLOSTAR 3ML, 5`S",GHU2,PAK5,0.8,0.8,29.9313,23.945
A00006416,UNIVIT 400MG SOFTGEL CAPSULES 40`S,GHU2,PAK,8,8,2.3386,18.7088
A00006473,AMYDRAMINE SUGAR FREE SYRUP 120ML,GHU2,BOT,4,4,0.3935,1.574
A00006636,PROFINAL SUSPENSION  60ML,GHU2,BOT,9,9,0.517,4.653
A00004638,BUSCOPAN TABLETS 10MG  20`S,GHU2,BOX20,4,4,0.8605,3.442
A00004664,BETADINE VAGINAL PESSARIES   14 S,GHU2,PAK14,3,3,4.4063,13.2189
A00018614,ROSUBEST 20 MG F/C TABLETS 30'S,GHU2,PAK30,2,2,6.82,13.64
A00005084,HISTOP TABLETS 4MG  20`S,GHU2,BOX20,10.5,10.5,0.4375,4.5938
A00005150,KLAVOX 375MG TABLETS  20`S,GHU2,BOX20,2.5,2.5,1.3072,3.268
A00007516,OPPO SILICON ELASTIMAX INSOLES N5,GHU2,PAK,1,1,8.297,8.297
A00006456,ADOL CAPLETS 500MG 24`S,GHU2,BOX24,18,18,0.2345,4.221
A00005288,MICARDIS 80MG TABLETS  28 S,GHU2,BOX28,0.75,0.75,7.0333,5.275
A00005431,PONSTAN FORTE TABLETS 500MG  20`S,GHU2,BOX20,3.5,3.5,1.2423,4.3481
A00006626,PANDERM OINTMENT  15 GM,GHU2,BOX,4,4,0.8093,3.2372
A00011644,ITRAZOL 100MG CAPSULES 15`S,GHU2,PAK15,5.005,5.005,6.9007,34.538
A00005485,PANADOL COLD & FLU - DAY  CAPLETS  24`S,GHU2,PAK24,19.013,19.013,1.0292,19.5682
A00004774,CATAFLAM 50MG TABLETS   20`S,GHU2,BOX20,7,7,2.443,17.101
A00004802,CANDID-V GEL  30GM,GHU2,BOX,4,4,0.7048,2.8192
A00016831,GAVISCON DOUBLE ACTION TABLETS 32'S,GHU2,PAK32,4.5,4.5,1.5587,7.0142
A00005542,PULMICORT UNIT DOSE VIALS 0.5MG/ML 20 X 2ML,GHU2,BOX20,1.75,1.75,13.4503,23.538
A00006463,ADOL 500MG CAPLETS 96`S,GHU2,BOX96,4.875,4.875,0.7093,3.4578
A00005043,GLUCOPHAGE XR 500MG TABLETS 30`S,GHU2,PAK30,5,5,1.9724,9.862
A00005297,MUCOSOLVAN SYRUP 30MG/5ML,GHU2,BOT,19,19,1.0955,20.8145
A00005982,CYCLOGEST 400MG PESSARIES 15 S,GHU2,PAK15,1,1,6.467,6.467
A00006042,PROXEN 250MG TABLETS  20`S,GHU2,BOX20,6,6,1.947,11.682
A00005656,SONGHA NIGHT TABLETS 30`S,GHU2,PAK30,0.5,0.5,2.786,1.393
A00007928,CORNEX GEL 15GM,GHU2,PAK,11,11,1.6453,18.0983
A00006389,SUPRAX 100MG/5ML SUSPENSION  60ML,GHU2,BOX,3,3,2.8627,8.5881
A00008928,DUREX PERFORMA CONDOMS 12`S,GHU2,BOX,1,1,5.15,5.15
A00005854,VOLTAREN EMULGEL  (L)  50GM,GHU2,BOX,7,7,1.339,9.373
A00006023,NORMAL SALINE 0.9% W/V (KUWAIT P) 500ML,GHU2,BOT,9,9,0.4104,3.6936
A00009883,VICKS VAPORUB 50GM (M),GHU2,BOX,8,8,0.7674,6.1392
A00008829,CLOVE OIL B.P (CARE)  10ML,GHU2,BOX,3,3,0.7533,2.2599
A00008884,COREGA FULL DENTURE TABLETS 36`S,GHU2,PAK36,4,4,2.1045,8.418
A00011204,CONFORMING BANDAGE 10CM,GHU2,PCS,16,16,0.1623,2.5968
A00005621,RACIPER 20MG TABLETS 28`S,GHU2,PAK28,9,9,4.4544,40.0896
A00005722,STREPSILS LOZENGES (REGULAR)  24`S,GHU2,BOX24,3,3,1.283,3.849
A00009483,PIGEON BOTTLE BPA-FREE (ANILMALS) 240ML,GHU2,PAK,3,3,1.485,4.455
A00006457,ADOL SUSPENSION 250MG 100ML,GHU2,BOX,20,20,0.4205,8.41
A00005803,TOBRADEX OPHTHALMIC SUSPENSION  5 ML,GHU2,BOX,14,14,1.6215,22.701
A00005255,MUCOSOLVAN TABLETS 30MG  20 S,GHU2,BOX20,5,5,0.9024,4.512
A00006511,DIZINIL 50MG TABLETS  20 S,GHU2,BOX20,3,3,0.494,1.482
A00008180,SEBAMED ANTI STRETCH MARK CREAM 200ML,GHU2,PAK,1,1,4.4,4.4
A00006509,CETRALON 10 MG TABLET  10 S,GHU2,PAK10,4,4,0.5945,2.378
A00006849,IMODIUM 2MG CAPSULES  6`S,GHU2,BOX6,1,1,0.509,0.509
A00005356,NAPHCON-A OPTHALMIC SOLUTION  15 ML,GHU2,BOX,22,22,1.2308,27.0776
A00007481,OPPO PALM BRACE  (S-LEFT),GHU2,PAK,3,3,2.106,6.318
A00017740,VOMINORE TABLETS 2x10'S,GHU2,PAK20,4,4,1.2165,4.866
A00011203,CONFORMING BANDAGE 7.5CM,GHU2,PCS,2,2,0.1525,0.305
A00004994,GINCOSAN CAPSULES  30`S,GHU2,BOT,5,5,7.1472,35.736
A00005045,GALVUSMET 850MG TABLETS 60`S,GHU2,PAK60,1.322,1.322,10.2489,13.549
A00007016,METROLAG TABLETS 500MG 24`S,GHU2,BOX24,4.668,4.668,1.7736,8.2792
A00006122,OMCET SYRUP 5MG/5ML    100 ML,GHU2,PAK,6,6,0.9627,5.7762
A00006189,DICLOFEN CREAMOGEL 1%  30 GM,GHU2,BOX,8,8,0.5664,4.5312
A00006449,ADOL SYRUP 120MG 60ML,GHU2,BOX,25,25,0.2638,6.595
A00006308,"HI-DEE 50,000 IU SOFTGEL CAPSULES 8`S",GHU2,PAK8,3,3,2.415,7.245
A00006412,UNICAM GEL 50GM,GHU2,BOX,4,4,0.7625,3.05
A00008160,SEBAMED BABY SHAMPOO 150ML,GHU2,PAK,2,2,1.3265,2.653
A00008170,SEBAMED BABY CREAM (L) 200ML,GHU2,PAK,5,5,1.8056,9.028
A00018154,VISSCO THUMB SPICA SUPPORT 0643,GHU2,PAK,3,3,0.813,2.439
A00009481,PARODONTAX TOOTHBRUSH SOFT,GHU2,PCS,1,1,1.915,1.915
A00007466,OPPO ELBOW SUPPORT  (L),GHU2,PAK,2,2,0.9535,1.907
A00005283,MOVICOL SACHETS  20 S,GHU2,BOX20,2.6,2.6,2.5842,6.7189
A00006130,ALKA -UR SACHETS 4 GM-10S,GHU2,PAK10,28.3,28.3,0.68,19.244
A00004890,EUCARBON TABLETS  30`S,GHU2,BOX30,5,5,1.6138,8.069
A00005600,ROFENAC GEL 1% 30 GM,GHU2,BOX,3,3,0.4913,1.4739
A00008634,PIGEON DISPOSABLE BREAST PADS  36`S,GHU2,BOX,1,1,4.354,4.354
A00015448,URILAX 5MG F/C TABLETS 30'S,GHU2,PAK30,2,2,6.902,13.804
A00006664,SCOPINAL SYRUP 5MG/100 ML 100ML,GHU2,BOX,6,6,0.8782,5.2692
A00007514,OPPO BIOMAGNETIC KNEE SUPPORT  (L),GHU2,PAK,1,1,5.772,5.772
A00018490,PEDIAFAST SYRUP 0.01% 100ml,GHU2,PAK,3,2,1.4195,2.839
A00005294,METAZ  0.1% CREAM 30 GM,GHU2,PAK,3,3,1.2433,3.7299
A00007079,DREZ  OINTMENT 15GM,GHU2,PAK,10,10,0.7745,7.745
A00008222,SEBAMED EVERYDAY SHAMPOO  200 ML,GHU2,BOX,2,2,1.7955,3.591
A00008273,SURECURE 0.1% CREAM 30GM,GHU2,PAK,2,2,1.2525,2.505
A00006461,ADOL SUPPOSITORIES 250MG 10`S,GHU2,BOX10,7.5,7.5,0.5089,3.8168
A00022072,ULTRA 2 IN 1 OMEGA-3 & COD LIVER OIL CAPS 60'S,GHU2,PAK60,4,4,1.249,4.996
A00006109,OMOL TABLET 500MG         20`S,GHU2,BOX20,15,15,0.1665,2.4975
A00006455,ALFACORT 1% CREAM  15GM,GHU2,TUB,3,3,0.4943,1.4829
A00005937,ZYRTEC 10MG TABLETS  20`S,GHU2,BOX20,4,4,2.991,11.964
A00007424,"OPPO WRIST/THUMB SUPPORT -L (1188-6R-BK-L),RIGHT",GHU2,PAK,2,2,6.162,12.324
A00007508,OPPO SOFT ICE BAG  (L),GHU2,PAK,1,1,4.758,4.758
A00015725,ANTINAL 200MG CAPSULES 24'S,GHU2,PAK24,4,4,1.231,4.924
A00015740,CYSTONE TABLETS 60'S,GHU2,PAK,9,9,1.3564,12.2076
A00005418,OCEAN  NASAL   SPRAY   15ML,GHU2,BOT,6,6,1.9243,11.5458
A00005429,PANADOL SYRUP (BABY & INFANT)  120MG 100 ML,GHU2,BOX,12,12,0.5035,6.042
A00005503,PROGYLUTON TABLETS  21`S,GHU2,BOX21,3,3,0.845,2.535
A00022493,Gillette Venus 4S,GHU2,PAK,5,5,1.493,7.465
A00005620,REVITAL TABLETS 30`S,GHU2,PAK30,4,4,2.7575,11.03
A00005648,SIRDALUD 2 MG TABS,GHU2,PAK30,4.67,4.67,1.5056,7.0312
A00022871,ZOLPAN 40 MG GASTRO RESISTANT TABLETS 30'S,GHU2,PAK30,9.667,9.667,5.1657,49.9368
A00008893,DUREX FETHERLITE CONDOMS  12`S,GHU2,BOX12,2,2,4.1675,8.335
A00015425,MUCOSOLVAN LA CAPSULES 75MG 10'S,GHU2,PAK10,1,1,1.164,1.164
A00015638,GASEX TABLETS 60'S,GHU2,PAK60,6,6,1.0143,6.0858
A00017703,JOCERINE INFANT/CHILDREN (1.5G) SUPPOSITORIES 21'S,GHU2,PAK21,8.143,8.143,1.3706,11.1608
A00011213,COTTON CREPE BANDAGE 6`` KBM,GHU2,PAK,12,12,0.3607,4.3284
A00007499,OPPO SACRO LUMBAR SUPPORT  (XL),GHU2,PAK,1,1,7.674,7.674
A00008858,COREGA ULTRA CREAM 40ML,GHU2,PAK,6,6,1.6625,9.975
A00005911,XYLO-COMOD NASAL  SPRAY 0.1% 15ML,GHU2,PAK,5,5,1.4154,7.077
A00006043,PROXEN 500MG TABLETS  20`S,GHU2,BOX20,2.5,2.5,2.5108,6.277
A00008081,MOOV EXTRA STRENGTH OINTMENT- 50GM,GHU2,PAK,1,1,0.821,0.821
A00008181,SEBAMED BABY WIPES 72`S,GHU2,PAK,4,4,1.2145,4.858
A00006787,DAKTACORT CREAM  15 GM,GHU2,BOX,13,13,0.9328,12.1264
A00005471,PEPTAZOL 15MG CAPSULES 14`S,GHU2,PAK14,2,2,1.1865,2.373
A00015661,SODIUM CHLORIDE INHALATION SOLUTION 2.5ML 10'S,GHU2,PAK10,9.5,9.5,0.5195,4.9353
A00015722,DAROLAC CAPSULES 10'S,GHU2,PAK10,5,5,1.3694,6.847
A00005723,STREPSILS LOZENGES (MENTHOL)  24`S,GHU2,BOX24,11.5,11.5,1.5389,17.6974
A00012764,FASTUM GEL 2.5% DISPENSER TUBE 100GM,GHU2,PAK,2,2,4.0295,8.059
A00005649,SEROXAT CR 12.5 TABLETS 30`S,GHU2,PAK30,3.001,3.001,6.886,20.6649
A00005456,PANADOL ADVANCE TABLETS 48`S,GHU2,PAK48,2,2,1.366,2.732
A00005458,PRONATAL TABLETS 30`S,GHU2,PAK30,1,1,3.712,3.712
A00010016,ALWAYS SUPER  10`S,GHU2,PAK,8,8,0.4925,3.94
A00005944,ZOLOFT 50MG TABLETS  15 S,GHU2,BOX15,5,5,5.679,28.395
A00005616,RICONIA TABLETS 100S,GHU2,PAK100,0.2,0.2,8.845,1.769
A00006786,DAROXIME 500 MG TABLETS  10`S,GHU2,PAK10,7,7,3.0541,21.3787
A00015752,NEUROBION INJECTION 6x3ML,GHU2,BOX6,8.5,8.5,2.0198,17.1683
A00015999,MEYER'S ASMAVIT TABLETS 30'S,GHU2,PAK30,186.4,186,3.4355,639.003
A00005107,HYLO-COMOD EYE DROPS 0.1% 10ML,GHU2,PAK,5,5,2.7598,13.799
A00010875,ORAL-B INTERDENTAL SET,GHU2,PAK,1,1,1.39,1.39
A00011096,NIZORAL LOTION (L)   100 ML,GHU2,BOX,10,10,2.1952,21.952
A00008936,DUREX PLEASUREMAX  12`S,GHU2,PAK,1,1,4.103,4.103
A00015997,MEYER'S OVACARE TABLETS 30'S,GHU2,PAK30,0.6,0.6,4.1033,2.462
A00016129,SEPTILIN TABLETS 60'S,GHU2,PAK,1,1,1.092,1.092
A00005928,ZYRTEC DROPS 10MG/ML 10 ML,GHU2,BOX,3,3,1.9153,5.7459
A00005877,VOLTFAST POWDER SACHETS 9`S,GHU2,PAK9,16.115,16.115,1.4473,23.3232
A00008094,OMRON BLOOD PRESSURE MONITOR M3,GHU2,BOX,1,1,26.591,26.591
A00011437,SPASMOMEN 40MG F.C.TABLETS 30`S,GHU2,PAK30,4.339,4.339,2.2897,9.935
A00011364,"MUPIROCIN SAJA OINTMENT 2%, 20GM",GHU2,PAK,8,8,1.5985,12.788
A00009416,NEXCARE WATERPROOF BANDAGE KNEE&ELBOW 10`S,GHU2,PAK10,1,1,1.873,1.873
A00006997,FUNGISAFE CREAM 15G,GHU2,TUB,2,2,0.8385,1.677
A00006757,CENTRUM TABLETS  30 S,GHU2,BOX30,13,13,2.6292,34.1796
A00011357,BRONCARE 120 ML SYRUP,GHU2,PAK,14,14,0.8821,12.3494
A00019843,MUELLER ANKLE SUPPORT NEOPRENE SMALL,GHU2,PAK,4,4,3.3455,13.382
A00005934,ZESTRIL TABLETS 20MG  28`S,GHU2,BOX28,1.5,1.5,3.898,5.847
A00005949,ZIMAX SUSPENSION 300MG/7.5ML 22.5ML,GHU2,PAK,4,4,1.9903,7.9612
A00016547,PANTOR F.C TABLETS 40MG 30'S,GHU2,PAK30,2.003,2.003,4.1787,8.3699
A00007156,PAMPERS NEW BABY 23`S,GHU2,PAK,1,1,1.428,1.428
A00007382,OPPO HINGED KNEE SUPPORT (M),GHU2,PAK,1,1,11.7,11.7
A00007400,OPPO KNEE SUPPORT  (XL),GHU2,PAK,4,4,2.262,9.048
A00020513,VICKS BABY RUB 50GM,GHU2,PAK,3,3,1.5017,4.5051
A00005786,TRAVOCORT CREAM  20 GM,GHU2,BOX,5,5,1.3906,6.953
A00008277,SEBAMED BABY CLEANSING WIPES 25`S,GHU2,PAK,7,7,0.8959,6.2713
A00006134,AMOCLAN 375MG TABLETS  20`S,GHU2,BOX20,3.25,3.25,1.2178,3.9579
A00005929,ZESTRIL TABLETS 5MG  28`S,GHU2,BOX28,3.5,3.5,1.4029,4.9102
A00016745,GLIM 4MG TABLETS 30`S,GHU2,PAK30,5.336,5.336,3.1246,16.6729
A00020803,GAUZE SWAB N/S 7.5X 7.5CM 8 PLY 100S (AL JABRY),GHU2,PAK100,0.71,0.71,0.8437,0.599
A00006593,"MEBO SCAR OINTMENT,30GM",GHU2,PAK,2,2,4.6245,9.249
A00008738,AQUAFRESH T/P BIG TEETH,GHU2,PAK,1,1,0.513,0.513
A00009843,TEEJEL GEL (MUNDI PHARM) 10 GM,GHU2,PAK,4,4,1.4565,5.826
A00011473,FAMOPSIN 20MG TABLETS 30`S,GHU2,BOX30,1.002,1.002,1.8633,1.867
A00009038,FLEXITOL LIP BALM 10GM,GHU2,PAK,7,7,1.2239,8.5673
A00009395,NOVO FINE NEEDLES 31 G 100 S,GHU2,BOX100,2.82,2.82,8.6174,24.3011
A00011637,FORXIGA 5MG F/C TABLETS 28`S,GHU2,PAK28,1.5,1.5,15.3547,23.0321
A00011359,BIOCARE CREAM 20GM,GHU2,PAK,5,5,1.092,5.46
A00009742,SENSODYNE T/P ADVANCED REPAIR&PROTECT WHITENING 75ML,GHU2,PAK,5,5,2.6506,13.253
A00011212,COTTON CREPE BANDAGE 4`` KBM,GHU2,PAK,5,5,0.3554,1.777
A00007538,OPPO ANKLE SUPPORT (NEOPRENE) - XL,GHU2,PAK,6,6,1.9225,11.535
A00006632,PREMOSAN TABLETS 10 MG 20 S,GHU2,BOX20,6,6,0.3865,2.319
A00006781,CLAVODAR 1GM TABLETS 14`S,GHU2,PAK14,41.96,41.96,2.193,92.0183
A00011416,APROVEL 150 MG TABLETS  28`S,GHU2,PAK28,3,3,5.5727,16.7181
A00006691,XYLOLIN NASAL SPRAY -CHILD  10ML 200 DOSES,GHU2,PAK,18,18,0.6566,11.8188
A00011480,ISOREM S/L TABLETS 5 MG  100 S,GHU2,PAK100,0.5,0.5,1.28,0.64
A00011660,ZECUF LOZENGES (ORANGE) 2X12`S BLISTER PACK,GHU2,PAK24,2.5,2.5,1.3228,3.307
A00008144,RADIAN MASSAGE CREAM  40GM,GHU2,BOX,1,1,0.645,0.645
A00009657,SENSODYNE T/BRUSH- ULTRASENSITIVE-UL.SOFT,GHU2,PCS,1,1,1.506,1.506
A00016927,POVADINE 30ML,GHU2,PAK,19,19,0.3076,5.8444
A00016921,AMARYL 2MG TABLETS 30'S,GHU2,PAK30,1.5,1.5,2.8113,4.217
A00006001,FLUDREX SYRUP 120 ML,GHU2,BOT,7,7,0.6194,4.3358
A00011413,DEPAKINE TABLETS 500MG  40`S,GHU2,BOX40,1,1,3.357,3.357
A00006690,XYLOLIN NASAL SPRAY 200 MD-ADULT 10 ML,GHU2,PAK,10,10,0.7045,7.045
A00008859,CONTIFLO OD 0.4MG CAPS 10`S,GHU2,PAK10,1,1,1.94,1.94
A00011640,STREPSILS WARM GINGER LOZENGES 16`S,GHU2,PAK16,2.5,2.5,1.5372,3.843
A00010293,CURE AID SENSITIVE/FABRIC 10`S,GHU2,PAK10,1,1,0.299,0.299
A00015994,L-CET ORAL SOLUTION 0.5MG/ML 100ML,GHU2,BOT,5,5,2.5124,12.562
A00015995,ASPILO 81MG TABLETS 28'S,GHU2,PAK28,4,4,0.4335,1.734
A00011632,LEVOTAB 500MG TABLETS 5`S,GHU2,PAK5,5,5,2.1954,10.977
A00011682,OSTEOCARE FIZZ EFFERVECSENT TABLETS 20`S,GHU2,PAK20,5,5,1.1492,5.746
A00009492,PARODONTAX TOOTHPASTE ULTRA CLEAN,GHU2,PAK,1,1,1.889,1.889
A00007015,METROLAG TABLETS 250MG  20 S,GHU2,BOX20,7,7,0.993,6.951
A00005948,ZIMAX 200MG/5ML SUSPENSION 15 ML,GHU2,PAK,4,4,1.474,5.896
A00007000,HEXIDINE MOUTHWASH,GHU2,BOX,2,2,0.8,1.6
A00007069,ARISTOZYME 50MG CAPSULES 10`S,GHU2,PAK10,5,5,0.7634,3.817
A00007759,NUBY.DISPOSABLE BREAST PADS 12 PCS,GHU2,PAK,3,3,1.313,3.939
A00009718,SENSODYNE MULTICARE PLUS WHITENING TOOTH PASTE 75ML,GHU2,PAK,3,3,2.3143,6.9429
A00022565,Radian Ice Roll On 75ml,GHU2,PAK,2,2,2.4355,4.871
A00022614,Yi He Kang KN95 Face Mask,GHU2,PAK,46,46,0.469,21.574
A00006906,OLMETEC PLUS 40/12.5MG TABLETS 28`S,GHU2,PAK28,1,1,8.429,8.429
A00006987,DOXYLAG 100MG CAPSULES  100 S,GHU2,BOX100,1.6,1.6,12.3,19.68
A00011366,VITIFECT SYRUP 120 ML,GHU2,BOT,9,9,0.9504,8.5536
A00017080,VISSCO SACRO LUMBAR BELT - NEW DESIGN (M) 0101,GHU2,PAK,1,1,2.928,2.928
A00023000,HIDRASEC (RACECADOTRIL)30MG CHILDREN GRANULES FOR ORAL SUSP 2*8’S SACHETS,GHU2,PAK16,2,2,3.4045,6.809
A00008079,MOOV OINTMENT  100 G,GHU2,PAK,5,5,0.884,4.42
A00012352,OMIZ PLUS CAPSULES 28`S,GHU2,PAK28,3,3,11.5963,34.7889
A00017081,VISSCO SACRO LUMBAR BELT - NEW DESIGN (L) 0101,GHU2,PAK,1,1,2.835,2.835
A00018526,OSTEOCARE PLUS TABLET/CAPSULES 84'S,GHU2,PAK84,10,10,2.0395,20.395
A00008078,MOOV SPRAY  150 ML,GHU2,CAN,4,4,1.0975,4.39
A00008095,OMRON DIGITAL PERSONAL SCALE HN 289,GHU2,BOX,1,1,8.125,8.125
A00008263,SEBAMED FEMININE INTIMATE WASH 200 ML,GHU2,PAK,1,1,1.91,1.91
A00011218,COTTON ROLL 50GM,GHU2,PAK,6,6,0.2988,1.7928
A00006470,ADOL EXTRA CAPLETS 24 S,GHU2,PAK24,9,9,0.3381,3.0429
A00015544,NEXIUM 10MG SACHETS 28'S,GHU2,PAK28,2.071,2.071,8.0526,16.6769
A00007446,OPPO ABDOMINAL SUPPORT - M,GHU2,PAK,3,3,9.75,29.25
A00007502,OPPO CERVICAL COLLAR - SOFT  (M),GHU2,PAK,1,1,4.992,4.992
A00007507,OPPO SOFT ICE BAG  (M),GHU2,PAK,1,1,3.822,3.822
A00008101,OMRON NEBULISER - C28,GHU2,PAK,1,1,21.658,21.658
A00006127,OMCET 10 MG 10 S,GHU2,BOX,8,8,0.8755,7.004
A00015609,LEGALON FORTE 140MG CAPSULES 30'S,GHU2,PAK30,3,3,5.577,16.731
A00011661,ZECUF LOZENGES (PINEAPPLE) 2X12`S BLISTER PACK,GHU2,PAK24,4.5,4.5,1.1609,5.2241
A00006579,MUSCADOL TABLETS  20 S,GHU2,BOX20,9.5,9.5,0.4844,4.6018
A00009426,OPSITE SPRAY DRESSING  110ML,GHU2,BOX,5,5,1.8384,9.192
A00017280,VICHY CAPITAL SOLEIL TINTED DRY TOUCH FLUID 50 ML SPF 50,GHU2,PAK,1,1,6.696,6.696
A00009681,SYSTANE LUBRICATING EYE DROPS 10ML,GHU2,PAK,4,4,1.703,6.812
A00017709,MR.TUMMEE MULTIVITAMIN & MINERAL GUMEE 60'S,GHU2,PAK60,1,1,4.99,4.99
A00008118,OMRON ECOTEMP BASIC DIGITAL THERMOMETER,GHU2,PAK,3,3,2.3963,7.1889
A00008244,SEBAMED CLEAFACE ANTI-PIMPLE GEL 10ML,GHU2,PAK,2,2,1.2175,2.435
A00006981,B.B.C DENTAL SPRAY 30 GM,GHU2,PAK,9,9,2.3962,21.5658
A00007005,JOGEL 20 GM GEL-ORAL,GHU2,PAK,3,3,0.4797,1.4391
A00007423,"OPPO WRIST/THUMB SUPPORT -M (1188-6R-BK-M),RIGHT",GHU2,PAK,2,2,4.3135,8.627
A00008601,SALONPAS GEL 30GM,GHU2,PAK,4,4,0.9375,3.75
A00008685,PIGEON MANUAL BREAST PUMP,GHU2,PAK,1,1,18.429,18.429
A00019186,PAPERMINTS COOL CAPS,GHU2,PAK,27,27,0.693,18.711
A00008459,TYNOR FINGER SPLINT,GHU2,PAK,1,1,1.477,1.477
A00008616,TIGER BALM ( RED)    19.4 G,GHU2,BOX,4,4,0.5315,2.126
A00018358,ECONAZINE CREAM 20GM,GHU2,PAK,4,4,0.8955,3.582
A00007386,OPPO KNEE SUPPORT  (M),GHU2,PAK,1,1,2.262,2.262
A00011502,PROSTA-TAB 0.4MG PROLONGED RELEASE TABLETS 30`S,GHU2,PAK30,16.002,16.002,4.0295,64.4801
A00018338,DUOLIN RESPULES 20'S,GHU2,PAK20,0.5,0.5,1.84,0.92
A00019571,VICHY DEO 72 HR EXTREME 50ML BLACK,GHU2,PAK,2,2,3.6165,7.233
A00019982,SKINS CONDOMS DOTS AND RIBS 12s,GHU2,PAK,1,1,2.88,2.88
A00016154,ATOXIA 60MG TABLETS 10'S,GHU2,PAK10,7,7,0.7717,5.4019
A00016761,FREE BREATH MD NASAL SPRAY 20ML,GHU2,PAK,4,3,2.38,7.14
A00013087,FASTUM GEL DISPENSER TUBE 50GM,GHU2,PAK,9,9,2.1289,19.1601
A00016874,QV LIP BALM WITH SPF 30 15GM,GHU2,PAK,3,3,2.2963,6.8889
A00011484,OVA-MIT TABLETS 10`S,GHU2,BOX10,1,1,1.699,1.699
A00006451,AMYDRAMINE SYRUP  120ML,GHU2,BOX,12,12,0.4153,4.9836
A00009034,FLEXITOL HAND BALM 56GM,GHU2,PAK,2,2,1.849,3.698
A00007480,OPPO WRIST SUPPORT  (L),GHU2,PAK,3,3,0.7227,2.1681
A00020696,AQUAFRESH TOOTHBRUSH MILK TEETH SOFT,GHU2,PAK,2,2,0.882,1.764
A00018719,BIOENERGY TECH SPIRULINA CAPSULES 30'S,GHU2,PAK,2,2,3.2005,6.401
A00008636,PIGEON SILICONE NIPPLES 3`S (S),GHU2,BOX,3,3,1.4627,4.3881
A00019045,TIGER PLASTER WARM SMALL 2 S,GHU2,PCS,3,3,0.7223,2.1669
A00015983,FREE LICE SHAMPOO 200ML,GHU2,PAK,3,3,2.4077,7.2231
A00009707,SENSODYNE TOOTHPASTE EXTRA FRESH 75ML,GHU2,PAK,2,2,1.5675,3.135
A00009740,SENSODYNE T/B REPAIR & PROTECT- SOFT,GHU2,PAK,2,2,2.3115,4.623
A00009743,SENSODYNE TOOTHPASTE RAPID ACTION WHITENING 75ML,GHU2,PAK,3,3,2.6343,7.9029
A00018657,CAVIT 30'S,GHU2,PAK30,4,4,2.38,9.52
A00016835,NOLIP 145MG TABLETS 30'S,GHU2,PAK30,1,1,3.013,3.013
A00014918,LOTEVAN 5MG/160MG FC TABLETS 30`S,GHU2,PAK30,3.837,3.837,5.0313,19.3051
A00015545,EZIPAN SYRUP 100ML,GHU2,PAK,77,77,1.4081,108.4237
A00015426,GLUCOVANCE 1000/5MG F.C.TABLETS 30'S,GHU2,PAK30,3.5,3.5,2.2829,7.9902
A00011492,VIRECTA 50MG F/C TABLETS 3`S,GHU2,PAK3,50.337,50.337,0.7033,35.402
A00016780,PANADOL ELIXIR 100ML 240MG/5ML 5-12 YRS,GHU2,PAK,6,6,1.1435,6.861
A00016853,NEXCARE LIQUID BANDAGE SPRAY,GHU2,PAK,2,2,2.6325,5.265
A00015889,CLEAR PREG ONE STEP HCG TEST,GHU2,PAK,22,22,0.2145,4.719
A00006894,MYOGESIC 500MG TABLETS 50`S,GHU2,PAK50,3.2,3.2,1.1547,3.695
A00016157,RELEZIN 2MG TABLETS 30'S,GHU2,PAK30,34.343,34.343,0.9997,34.3327
A00017755,CENTRUM ENERGY TABLET 30'S,GHU2,PAK30,2,2,3.9245,7.849
A00016281,CRESTOR 5MG TABLETS 28'S,GHU2,PAK28,3,3,4.497,13.491
A00016321,SHINE VITAMIN C 500 PLUS TABLETS 60`S,GHU2,PAK60,2,2,1.7235,3.447
A00017782,CLARITINE CHILD GRAPE S/F SYRUP 5 MG/5 ML 120 ML,GHU2,BOT,6,6,1.8767,11.2602
A00017259,EUCERIN REPAIR HAND CREAM 5% UREA 75ML,GHU2,PAK,1,1,3.393,3.393
A00015839,LAVISTINA 16MG TABLETS 40'S,GHU2,PAK40,12.75,12.75,1.7549,22.375
A00022049,ACTIFOLIC 4G CAPSULES 30's,GHU2,PAK,1,1,3.529,3.529
A00022060,SIMILAC GOLD TOTAL COMFORT 1-820 GM,GHU2,PAK,1,1,8.737,8.737
A00022128,FEROGLOBIN FORTE CAPSULES 30'S,GHU2,PAK30,2.5,2.5,1.3444,3.361
A00022412,Diasporal Extra Drinkable Magnesium 400mg Sachet 20,GHU2,PAK20,1.2,1.2,4.0542,4.865
A00022451,Higeen Harrar Cream 120ml,GHU2,PAK,1,1,1.4,1.4
A00022501,Oral B Vitality Precision Clean Rechargeable Toothbrush D12.513,GHU2,PAK,1,1,10.531,10.531
A00008583,SALONPAS AIR SPRAY  80ML,GHU2,BOX,2,2,2.009,4.018
A00017655,ISIS UVEBLOCK SPF 50+ DRY TOUCH INVISIBLE ULTRA FLUID 40ML,GHU2,PAK,1,1,7.185,7.185
A00018714,ASPIREM 75MG E.C TABLETS 56'S,GHU2,PAK,3,3,1.6893,5.0679
A00016758,CONCAVIT CAPSULES 2X15'S,GHU2,PAK30,11.5,11.5,3.4294,39.4381
A00016863,VISIONACE TABLETS 30'S,GHU2,PAK30,5,5,1.8504,9.252
A00017558,CENTRUM WOMEN 60'S,GHU2,PAK,5,5,7.1136,35.568
A00017102,VISSCO KNEE SUPPORT (XL) 0704,GHU2,PAK,1,1,1.219,1.219
A00017106,VISSCO KNEE CAP (XL) 0705,GHU2,PAK,5,5,1.056,5.28
A00006968,VESICARE 5MG TABLET,GHU2,PAK30,0.334,0.334,13.8024,4.61
A00007877,AQUAX DELICE SOLUTION 50ML,GHU2,PAK,1,1,2.65,2.65
A00019046,TIGER PLASTER WARM LARGE 2S,GHU2,PCS,4,4,1.0155,4.062
A00015754,KOFLET SYRUP 200ML,GHU2,PAK,5,5,1.4874,7.437
A00017813,BISADYL E.C TABLETS 5MG 30'S,GHU2,PAK30,18.008,18.008,0.2718,4.8946
A00020149,ACU-LIFE LIGHTED LICE REMOVAL COMB,GHU2,PAK,1,1,1.73,1.73
A00009565,PIGEON WEANING BOTTLE WITH SPOON 120ML,GHU2,PAK,2,2,0.9105,1.821
A00016681,JOLLY ADULT DIAPER (M) 30'S,GHU2,PAK,1,1,4.801,4.801
A00010167,AMRUTANJAN FASTER RELAXATION ROLL ON (10ML),GHU2,PAK,4,4,0.375,1.5
A00011469,REMYCIN 100MG CAPSULES  10`S,GHU2,BOX10,11,11,0.6895,7.5845
A00007411,OPPO ANKLE SUPPORT  (S),GHU2,PAK,1,1,2.262,2.262
A00020526,DOSFARM SF MINT CANDY PEACH FLAVOUR 22GM,GHU2,PAK,2,2,0.6375,1.275
A00016156,ATOXIA 120MG TABLETS 10'S,GHU2,PAK7,25,25,0.6561,16.4025
A00011365,SIMEDILL SYRUP 120 ML,GHU2,BOT,1,1,0.975,0.975
A00018269,PANADOL COLD+ FLU VAPOUR RELEASE +DECONGESTANT SACHETS 10'S,GHU2,PAK10,17.8,17.8,1.4285,25.4273
A00008635,PIGEON WEANING BOTTLE WITH SPOON  240ML,GHU2,BOT,1,1,1.294,1.294
A00015444,JARDIANCE 10MG TABLETS 30'S,GHU2,PAK30,2.667,2.667,15.3551,40.9521
A00015667,INFAJOY OINTMENT 50GM,GHU2,PAK,3,3,2.34,7.02
A00011636,FORXIGA 10MG F/C TABLETS 28`S,GHU2,PAK28,1,1,15.355,15.355
A00011638,GLUCOPHAGE 500MG TABLETS 50`S,GHU2,PAK50,13.4,13.4,1.2037,16.1296
A00018656,LORA D 5mg TABLETS 30'S,GHU2,PAK30,9.667,9.667,2.1818,21.0915
A00007141,PAMPERS NEWBORN  22`S,GHU2,PAK,2,2,1.436,2.872
A00007422,OPPO ANKLE SUPPORT  (M),GHU2,PAK,6,6,0.9522,5.7132
A00009884,VICKS VAPORUB 100GM(L),GHU2,BOX,4,4,1.2495,4.998
A00008643,PIGEON NOSE CLEANER ( ASPIRATOR ),GHU2,BOX,3,3,2.1377,6.4131
A00017361,VISSCO FIRM CERVICA COLLER ( ADJ. HEIGHT) MEDIUM (0309 M),GHU2,PAK,1,1,1.428,1.428
A00017397,VISSCO VARICOSE VEIN STOCKING -XL (0707 XL),GHU2,PAK,1,1,3.146,3.146
A00016943,GLENCET TABLETS 5MG 30'S,GHU2,PAK30,7.673,7.673,0.8393,6.4399
A00008684,PIGEON COMB & BRUSH SET,GHU2,BOX,1,1,1.394,1.394
A00008908,DUREX SELECT CONDOMS  12`S,GHU2,BOX12,1,1,3.059,3.059
A00018184,MANFORCE OVERTIME ORANGE 10'S,GHU2,PAK,10,10,0.2892,2.892
A00018866,FLEXITOL LIP SPF50+ BALM 10MG 2.5%UREA,GHU2,PAK,2,2,1.4135,2.827
A00016062,MYDOCALM 150MG TABLETS 30'S,GHU2,PAK30,4.172,4.172,3.6838,15.3688
A00009485,PIGEON BOTTLE BPA-FREE(ANIMALS) 120ML,GHU2,PAK,4,4,1.2938,5.1752
A00007433,OPPO ANKLE SUPPORT  (L),GHU2,PAK,2,2,0.9595,1.919
A00011217,COTTON ROLL 100GM,GHU2,PAK,7,7,0.8384,5.8688
A00017063,CETAPHIL GENTLE SKIN CLEANSER 118ML,GHU2,PAK,4,4,4.0355,16.142
A00017360,VISSCO FIRM CERVICA COLLER ( ADJ. HEIGHT) SMALL (0309 S),GHU2,PAK,1,1,1.429,1.429
A00015732,AG SUPER ENERGEX CAPSULES 30'S,GHU2,PAK,3,3,6.1553,18.4659
A00016569,LABO HAIR LOSS 5 PATENTS -WOMAN,GHU2,PAK,3,3,20.8457,62.5371
A00016832,GAVISCON DOUBLE ACTION LIQUID 300ML,GHU2,PAK,2,2,1.8505,3.701
A00016970,SLEEPNEED 5MG TABLETS 30'S,GHU2,PAK30,10.678,10.678,2.1727,23.2001
A00011216,COTTON ROLL 500GM,GHU2,PAK,10,10,1.1843,11.843
A00011367,"VAGICLIND VAGINAL CREAM 2%, 20GM",GHU2,PAK,5,5,2.9544,14.772
A00011398,NEOMOX POS 125MG/5ML 100ML,GHU2,PAK,3,3,0.6647,1.9941
A00011662,ZECUF LOZENGES (STRWBERRY) 2X12`S BLISTER PACK,GHU2,PAK24,4.5,4.5,1.1609,5.2241
A00011665,ZECUF LOZENGES(HONEY&LEMON) 2X12`S BLISTER PACK,GHU2,PAK24,1.5,1.5,1.3447,2.0171
A00008168,SEBAMED BABY CREAM (S) 50ML,GHU2,PAK,2,2,1.0875,2.175
A00010881,ORAL B SATIN TAPE- MINT,GHU2,PAK,5,5,1.016,5.08
A00019087,NAZEX NASAL SPRAY 15ML,GHU2,PAK,17,17,1.1497,19.5449
A00017289,VICHY IDEAL SOLIEL VELVETY CREAM SPF50+ 50ML,GHU2,PAK,1,1,6.391,6.391
A00010165,ACCUCHEK SOFTCLIX AC PEN,GHU2,PAK,1,1,5.745,5.745
A00018320,MOXITEC 5MG/ML EYE DROP 5ML,GHU2,PAK,6,6,0.907,5.442
A00018354,ABENA PANTS PREMIUM LARGE (L1) GREEN 15'S,GHU2,PAK,2,2,5.0635,10.127
A00016636,LAXOCODYL 5 MG SUPPOSITORY,GHU2,PAK10,1,1,0.65,0.65
A00018655,GLYPAR 4mg TABLETS 30'S,GHU2,PAK30,2,2,3.6685,7.337
A00022868,CETRILEV 5MG F/C TABLETS 20'S,GHU2,PAK20,25.167,25.167,1.2451,31.3354
A00009699,SENSODYNE COMPLETE PROTECTION TOOTH PASTE REGULAR 75ML,GHU2,PAK,4,4,2.535,10.14
A00017706,MARIGOLD CREAM 50ML,GHU2,PAK,2,2,2.6,5.2
A00008885,COREGA SUPER CREAM TASTE FREE 40GM,GHU2,PAK,3,3,1.4733,4.4199
A00016843,ALKA CRAN SACHETS 10'S,GHU2,PAK10,10.5,10.5,0.8793,9.2327
A00022136,HEXIDINE MOUTHWASH 500ML,GHU2,PAK,1,1,1.73,1.73
A00011409,JOS-PAN SYRUP 100ML,GHU2,BOT,8,8,1.5385,12.308
A00018179,FROIKA ANT HAIR LOSS LOTION 100ML,GHU2,PAK,1,1,10.757,10.757
A00017291,VICHY DERCOS ENERGISING SHAMPOO WITH AMINEXIL 200ML,GHU2,PAK,2,2,5.2165,10.433
A00016158,RELEZIN 4MG TABLETS 30'S,GHU2,PAK30,34.337,34.337,1.573,54.0121
A00008428,CASTOR OIL (BELLS) 70 ML,GHU2,BOX,1,1,0.624,0.624
A00017436,CETAPHIL OILY SKIN CLEANSER 125ML,GHU2,PAK,2,2,4.75,9.5
A00017820,NEBILET 5MG TABLETS 28'S,GHU2,PAK28,2.5,2.5,2.8392,7.098
A00016884,HYDROGEN PEROXIDE 250ML,GHU2,PAK,8,8,0.7465,5.972
A00017258,EUCERIN LIP ACTIVE SPF15+ 4.8GM,GHU2,PAK,2,2,2.2,4.4
A00011372,CIALIS 20MG F/C TABLETS,GHU2,PAK4,7,7,10.5706,73.9942
A00017285,VICHY DEODORANT ROLL-ON ANTI-PERSPIRANT (GREEN CAP) 50ML,GHU2,PAK,2,2,3.7965,7.593
A00017295,HEROX 5 MG F/C TABLETS 30'S,GHU2,PAK30,14.011,14.011,12.7019,177.9663
A00011454,AMLORINE 5MG TABLETS 30`S,GHU2,PAK30,3.667,3.667,1.796,6.5859
A00017383,VISSCO KNEE BRACE 19' -MEDIUM (0701 M),GHU2,PAK,1,1,2.756,2.756
A00011408,ALGESAL BAUME CREAM 40GM,GHU2,PAK,19,19,0.8061,15.3159
A00011415,PLAVIX 75MG TABLETS 28`S,GHU2,BOX28,6,6,25.056,150.336
A00020574,MOXE NAUSEA INHALER,GHU2,PAK,1,1,2.73,2.73
A00016945,EUCERIN EVEN PIGMENT PERFECTOR NIGHT CREAM 50ML,GHU2,PAK,1,1,0,0
A00016073,ZECUF HERBAL COUGH REMEDY SYRUP 180ML,GHU2,PAK,4,4,1.5755,6.302
A00019808,SHINE BIO CAL CHEWABLE TABS 60S,GHU2,PAK60,5,5,2.2268,11.134
A00017151,URISOL EFFERVESCENT GRANULES SACHETS(LEMON FLAVOR) 14'S,GHU2,PAK14,0.926,0.926,1.3186,1.221
A00011481,LOPERIUM 2 MG TABS 10 S,GHU2,BOX10,2,2,0.3225,0.645
A00016660,SEBAMED BABY LIP BALM 4.8 GM,GHU2,PAK,3,3,0.6107,1.8321
A00016600,HI-DEE 2000 IU 30 SOFTGELS,GHU2,PAK,5,5,1.6254,8.127
A00017286,VICHY DEODORANT ROLL-ON ANTI-PERSPIRANT (WHITE CAP) 50ML,GHU2,PAK,3,3,3.7967,11.3901
A00018382,KEMADRIN 5MG TABLETS 100'S,GHU2,PAK,1,1,2.388,2.388
A00022386,Bigen Men Speedy Hair Color 102 Brown Black 80g,GHU2,PAK,4,4,2.589,10.356
A00022452,Higeen Povidone Iodine Gel 30g,GHU2,PAK,2,2,1.203,2.406
A00019626,KOFLET-H LOZENGES LEMON&amp; HONEY 12'S,GHU2,PAK12,2,2,0.939,1.878
A00017031,PEDIAFAST DROPS 0.1% 25ML,GHU2,PAK,1,1,0.908,0.908
A00018294,DUCRAY KELUAL DS SHAMPOO,GHU2,PAK,1,1,5.572,5.572
A00018651,ATSTAT 20 F/C TABLETS 30'S,GHU2,PAK30,2,2,8.724,17.448
A00011664,ZECUF LOZENGES(SUGAR FREE) 2X12`S BLISTER PACK,GHU2,PAK24,3.5,3.5,1.0343,3.6201
A00018661,GLIT 15mg TABLETS 28'S,GHU2,PAK28,1,1,2.002,2.002
A00015976,RESOLVE PLUS CREAM 1.0 30GM,GHU2,PAK,4,4,1.0505,4.202
A00017409,PREGNACARE CONCEPTION TABLETS 30's,GHU2,PAK30,3,3,1.6387,4.9161
A00017296,HEROX 20 MG F/C TABLETS 4'S,GHU2,PAK4,31.5,31.5,3.6665,115.4948
A00017297,LAX-TAB 5MG GASTRO RESISTANT TABLETS 50`S,GHU2,PAK,14,14,0.5726,8.0164
A00015499,URILAX 10MG F/C TABLETS 30'S,GHU2,PAK30,2,2,8.88,17.76
A00017445,CETAPHIL SUN EXTREME SPF50+ LOTION 50ML,GHU2,PAK,2,2,6.375,12.75
A00017749,RENERVE PLUS SOFTGEL CAPSULES 30'S,GHU2,PAK30,4,4,1.7525,7.01
A00022339,ULTRA CRANBERRY 750MG TAB 30'S,GHU2,PAK30,7.5,7.5,1.6035,12.0263
A00019955,TARRAD EXTRA INSECT REPELLENT 100 ML,GHU2,PAK,2,2,2.183,4.366
A00009532,PARODONTAX TOOTHPASTE (S) -ORIGINAL  75 ML,GHU2,BOX,1,1,1.912,1.912
A00018298,ISIS METRORUBORIL A.Z CREAM 30ml,GHU2,PAK,1,1,3.702,3.702
A00015753,TENTEX ROYAL CAPSULES 30'S,GHU2,PAK30,5.335,5.335,6.1723,32.9292
A00018777,NICOTEX 4MG MINT PLUS CHEWING GUM 9'S,GHU2,PAK9,1,1,0.397,0.397
A00017252,EUCERIN EVEN PIGMENT PERFECTOR DUAL SERUM 2x15ML,GHU2,PAK,1,1,9.066,9.066
A00017660,ISIS URELIA GEL (UREA 10%) 200ML,GHU2,PAK,1,1,3.29,3.29
A00018660,METSWIFT XR 1000MG TABLETS 28'S,GHU2,PAK28,6,6,1.2555,7.533
A00017294,VICHY ANTIDANDRUFF SHAMPOO MICROBIOME DRY HAIR 200ML,GHU2,PAK,2,2,5.8,11.6
A00017395,VISSCO VARICOSE VEIN STOCKING -MEDIUM (0707 M),GHU2,PAK,1,1,2.554,2.554
A00019897,CURE TAPE GREEN 5CMX5M TC-010,GHU2,PAK,1,1,4.17,4.17
A00019006,BIOCARE DX CREAM 60GM,GHU2,PAK,2,2,2.34,4.68
A00015870,DILAMUC SYRUP 100ML,GHU2,PAK,22,22,1.8922,41.6284
A00015887,CODELEVE SYRUP 120ML,GHU2,PAK,15,15,1.3235,19.8525
A00018153,VISSCO UNIVERSAL COCK-UP SUPPORT 0641,GHU2,PAK,2,2,1.0665,2.133
A00016155,ATOXIA 90MG TABLETS 10'S,GHU2,PAK10,8,8,0.7694,6.1552
A00016513,WELLMAN TABLETS 30'S,GHU2,PAK30,13.5,13.5,0.9485,12.8048
A00018176,FROIKA BARRIER CREAM 50ML,GHU2,PAK,1,1,5.213,5.213
A00017266,QV INTENSIVE MOISTURISER 100GM,GHU2,PAK,2,2,4.3835,8.767
A00011361,BIOCARE DX CREAM 20GM,GHU2,PAK,5,5,1.08,5.4
A00018296,ISIS TEENDERM K CONCENTRATE CREAM,GHU2,PAK,1,1,2.983,2.983
A00011461,PERAZONE 0.5MG TABLETS  1000`S,GHU2,BOX1000,0.4,0.4,7.4075,2.963
A00022071,CARDIOACE TAB 30'S,GHU2,PAK30,5.5,5.5,1.4185,7.8018
A00022462,Laica Home Improvement Ultrasonic Humidifier HI3013,GHU2,PAK,1,1,21.061,21.061
A00015996,MEYER'S OLIGOCARE FORTE TABLETS 30'S,GHU2,PAK30,3.8,3.8,10.2587,38.9831
A00022069,WELLMAN CONCEPTION TAB 30'S,GHU2,PAK30,5,5,1.2336,6.168
A00022390,Bioderma Atoderm Repair Hand & Nails Cream 50ml,GHU2,PAK,2,2,2.866,5.732
A00022467,Mapez Spray 100ml,GHU2,PAK,1,1,2.895,2.895
A00017743,AG ARTHRIFLEX CREAM 100GM,GHU2,PAK,2,2,4.76,9.52
A00017817,KETESSE 25MG F/C TABLETS 20's,GHU2,PAK20,9,9,1.3853,12.4677
A00022413,Diasporal Magnesium Sachet 20,GHU2,PAK20,0.15,0.15,3.9,0.585
A00018089,ORAL B ESSENTIAL FLOSS,GHU2,PAK,2,2,0.8,1.6
A00011471,CLAVOMID 625MG TABLET,GHU2,PAK20,29,29,1.8914,54.8506
A00011414,DEPAKINE CHRONO 500MG TABLETS  30`S,GHU2,BOX30,6,6,5.236,31.416
A00018182,MANFORCE XCOTIC (DOTTED) CHOCOLATE 10'S,GHU2,PAK,10,10,0.2891,2.891
A00018600,GYNOGEN HP 75 IU,GHU2,PAK,1,1,1.532,1.532
A00018613,ROSUBEST 10 MG F/C TABLETS 30'S,GHU2,PAK30,2.334,2.334,4.2185,9.846
A00018650,ATSTAT 10 F/C TABLETS 30'S,GHU2,PAK30,5,5,5.4494,27.247
A00018693,PUBERGEN HP 5000,GHU2,AMP,2,2,1.4855,2.971
A00022513,Pampers Premium Care 3 Diaper 62,GHU2,PAK,1,1,7.528,7.528
A00011486,CIALIS 5MG F/C TABLETS 28`S,GHU2,PAK28,3.5,3.5,22.1997,77.699
A00017674,PIGEON MINILIGHT PACIFIER M SIZE UNISEX,GHU2,PAK,2,2,1.534,3.068
A00017769,LIPANTHYL 145 MG TABLET 30'S,GHU2,PAK30,1.839,1.839,3.9473,7.2591
A00018186,MANFORCE ULTRA FEEL BUBBLEGUM 10'S,GHU2,PAK,11,11,0.2891,3.1801
A00017379,VISSCO COT FINGER SPLINT (0623),GHU2,PAK,2,2,0.4635,0.927
A00011645,ITRAZOL 100MG CAPSULES 4`S PACK,GHU2,PAK,1,1,2.535,2.535
A00017594,VIPDOMET 1000/12.5MG F/C TABLETS 56'S,GHU2,PAK56,1.25,1.25,11.268,14.085
A00011659,ZECUF LOZENGES (LEMON) 2X12`S BLISTER PACK,GHU2,PAK24,4.5,4.5,1.3542,6.0939
A00017724,TRUSCARE DISPOSABLE SYRINGE 3ML,GHU2,PAK100,0.55,0.55,1.3255,0.729
A00016922,AMARYL 3MG TABLETS 30'S,GHU2,PAK30,4,4,4.637,18.548
A00021489,PARODONTAX ACTIVE GUM REPAIR FRESH MINT T/P 75ML,GHU2,PAK,1,1,2.3,2.3
A00016963,PERFECTIL TABLETS 30`S,GHU2,PAK30,3.5,3.5,1.8831,6.5909
A00011971,NIFELAT R 20MG TABLETS,GHU2,PAK100,4,4,1.945,7.78
A00013525,PREXAL 10MG TABLETS 30`S,GHU2,PAK30,5,5,17.3816,86.908
A00016995,DAROLAC-Z SACHETS 1GM 10'S,GHU2,PAK10,2.2,2.2,2.0559,4.523
A00018459,"BENOSTAN SUNSCREEN FACE CREAM 2 IN 1, SPF 50 (1+1 OFFER PACK)",GHU2,PAK,1,1,7.222,7.222
A00015888,PREGSTREAM TEST KIT,GHU2,PAK,20,20,0.3162,6.324
A00018766,LORINASE-D 2.5/120MG EXTENDED RELEASE TABLETS 2*10(20;S),GHU2,PAK20,3.5,3.5,1.5949,5.5822
A00022268,SENSODYNE PRONAMEL KIDS MILK TEETH TOOTHPASTE (FOR BABIES) 0-2 YEARS 50ML,GHU2,PAK,6,6,1.687,10.122
A00021773,TYNOR ANKLET COMFEEL SMALL,GHU2,PAK,2,2,3.1185,6.237
A00022573,Sealar Haemorrhoid Cream 30g,GHU2,PAK,1,1,1.714,1.714
A00012420,COFEX SYRUP 150ML,GHU2,BOT,1,1,0.434,0.434
A00020688,AQUA FRESH TOOTHBRUSH LITTLE TEETH SOFT,GHU2,PAK,1,1,0.882,0.882
A00015594,BIOSOFT EYE DROPS 10ML,GHU2,PAK,4,4,3.2005,12.802
A00017440,CETAPHIL MOISTURIZING LOTION 118ML,GHU2,PAK,1,1,4.982,4.982
A00017601,ROSUVAS 20MG F/C TABLETS 30'S,GHU2,PAK30,1.001,1.001,6.7732,6.78
A00021843,PAMPERS  ACTIVE BABY PANTS 6 44S,GHU2,PAK,1,1,6.566,6.566
A00022680,Muller Wrap Around Ankle Support,GHU2,PAK,1,1,3.75,3.75
A00020980,FITOBALM GEL 50 ML,GHU2,PAK,4,4,2.3293,9.3172
A00019949,ACU-LIFE NASAL ASPIRATOR,GHU2,PAK,1,1,1.05,1.05
A00018649,GYNOGEN HP 150 IU,GHU2,VIL,1,1,2.792,2.792
A00017358,VISSCO ASTRA UNDERARM CRUTCH -LARGE (0905 L),GHU2,PAK,1,1,5.5,5.5
A00015595,BIOSOFT PLUS EYE DROPS 10ML,GHU2,PAK,2,2,3.693,7.386
A00019131,BIGEN MEN'S BEARD COLOUR DARK BROWN  B103,GHU2,PAK,2,2,2.4675,4.935
A00022526,Lamsa Unscented Nail Polish Pump 100ml,GHU2,PAK,3,3,0.576,1.728
A00022597,Veroval Duo Control Blood Pressure Monitor,GHU2,PAK,1,1,41.184,41.184
A00022164,MINOCET 300MG CAPSULES 10's,GHU2,PAK10,3,3,4.7273,14.1819
A00018684,MENOPACE TABLETS 30'S,GHU2,PAK30,8.667,8.667,6.976,60.461
A00018794,ISDIN FOTOPROTECTOR FUSION WATER COLOR MEDIUM TINTED SPF 50 - 50ML,GHU2,PAK,1,1,10.242,10.242
A00021218,"MR.TUMEE DHA OMRGA 3 GUMEE 60,S",GHU2,PAK60,1,1,7.475,7.475
A00018998,"PANUM-40 ENTERIC COATED TABLETS 40MG, 30`S (2x15 Tab)",GHU2,PAK30,3.5,3.5,4.6289,16.2012
A00019016,PIGEON BOTTLE WHITE 50ML ( BPA FREE ),GHU2,PAK,4,4,1.3,5.2
A00019044,TIGER PLASTER COOL SMALL 2 S,GHU2,PCS,5,5,0.7222,3.611
A00017557,CENTRUM MEN 60'S,GHU2,PAK,6,6,7.1135,42.681
A00015460,LOTEVAN 10MG/160MG FC TABLETS 30`S,GHU2,PAK30,2.337,2.337,5.5721,13.022
A00017308,ZYNOSTAT 40MG F/C TABLETS 30'S,GHU2,PAK30,2.667,2.667,3.102,8.273
A00022042,PIGEON SILICONE NIPPLE S-TYPE (M) 2PC/BL CARD,GHU2,BOX2,2,2,0.99,1.98
A00022073,PREGNACARE PLUS TAB/CAPS 56'S,GHU2,PAK56,5,5,1.6344,8.172
A00015943,SYNJARDY 12.5MG/1000MG F/C TABLETS 60`S,GHU2,PAK60,1.833,1.833,16.5619,30.358
A00022511,Pampers Premium Care 2 Diaper 46,GHU2,PAK,1,1,2.796,2.796
A00017444,CETAPHIL LIP BALM SPF 50+ 8ML,GHU2,PAK,1,1,2.793,2.793
A00016680,JOLLY ADULT DIAPER (L) 30'S,GHU2,PAK,2,2,3.447,6.894
A00021992,EUCERIN SUN OIL CONTROL DRY TOUCH SPF50+ (69767) - SUN GEL- CREAM ULTRA LIGHT 50ML,GHU2,PAK,1,1,6.509,6.509
A00022070,DIABETONE TAB 30'S,GHU2,PAK30,4.5,4.5,1.172,5.274
A00021486,SENSODYNE CLINICAL WHITE ENAMEL STRENGTHENING T/P 75ML,GHU2,PAK,5,5,2.9906,14.953
A00017814,GLENDES 5MG TABLETS 30'S,GHU2,PAK30,3.68,3.68,0.9565,3.5199
A00017818,PRILIGY 30MG F/C TABLETS 3'S,GHU2,PAK3,13.672,13.672,4.1136,56.2411
A00022482,Gillette Simply Venus 2 Moisture Rich Women Razors 4 + 2 Free Offer,GHU2,PAK,1,1,0.869,0.869
A00022516,Pampers Premium Care 4 Culotte 2x44Pcs 20% Discount Offer,GHU2,PAK,2,2,7.239,14.478
A00020695,BIODERMA SENSIBIO H20 250ML,GHU2,PAK,1,1,3.472,3.472
A00017667,PILEX TABLETS 60'S,GHU2,PAK,19,19,1.8791,35.7029
A00018353,ABENA PANTS PREMIUM MEDIUM (M1) BLUE 15'S,GHU2,PAK,3,3,4.8167,14.4501
A00019718,RADIAN ICE TUBE GEL 150 ML,GHU2,PAK,10,10,2.3771,23.771
A00017456,LA ROCHE-POSAY LIPIKAR SYNDET 200ML,GHU2,PAK,1,1,4.987,4.987
A00022450,Higeen Barrad Cream 120ml,GHU2,PAK,9,9,1.1251,10.1259
A00022575,Sebamed Baby Lotion 400ml,GHU2,PAK,2,2,3.725,7.45
A00017819,PRILIGY 60MG F/C TABLETS 3'S,GHU2,PAK3,11,11,4.1135,45.2485
A00022554,Pigeon Slim Neck Flexible Large Nipple,GHU2,PAK,10,10,1.4649,14.649
A00022059,SIMILAC GOLD TOTAL COMFORT 1-360 GM,GHU2,PAK,4,4,4.124,16.496
A00022199,PEDIASURE COMPLETE CHOCOLATE 3+ PEPTIGRO 900GM,GHU2,PAK,1,1,6.782,6.782
A00021955,SLEEPNEED TABLETS 10 MG 30'S,GHU2,PAK30,2.336,2.336,2.512,5.868
A00022369,3-Ply Disposable Kids Face Mask 50,GHU2,PAK50,6.8,6.8,5.9201,40.2567
A00022524,Acquastop Plaster 15,GHU2,PAK,3.733,3.733,0.9001,3.3601
A00021031,DR. MOREPEN BLOOD GLUCOSE MONITOR WITH 50 STRIPS (MMOL/L),GHU2,PAK,2,2,1.6905,3.381
A00021032,DR. MOREPEN BLOOD GLUCOSE MONITOR WITH 50 STRIPS (MG/DL),GHU2,PAK,12,12,11.2243,134.6916
A00021035,DR. MOREPEN BLOOD GLUCOSE TEST STRIPS MODEL BG-03 PACK OF 25 TEST,GHU2,PAK,2,2,1.127,2.254
A00021039,DR. MOREPEN BLOOD PRESSURE MONITOR-BP14,GHU2,PAK,3,3,2.8177,8.4531
A00022491,Nimed 70% Isopropyl Alcohol Swab 200,GHU2,PAK,2.75,2.75,0.7498,2.062
A00022050,BIOIRON CAPSULES 30's,GHU2,PAK,1,1,4.514,4.514
A00021621,CURE-AID FOR KIDS ASORTED 20 S,GHU2,PAK,9,9,0.4103,3.6927
A00022558,Prime Care Manual Breast Pump,GHU2,PAK,4,4,0.9,3.6
A00022580,Smile Portable Mesh Nebulizer,GHU2,PAK,1,1,30.927,30.927
A00022477,Mr Tumee Vitamin C Gummy 60,GHU2,PAK60,3,3,4.29,12.87
A00022600,Vichy Mineral 48H Deodorant Roll On 50ml,GHU2,PAK,2,2,3.924,7.848
A00022590,TRUSCARE MIDSTREAM PREGNANCY TEST KIT,GHU2,PAK,6,6,0.25,1.5
A00018512,QV BAR 100 GM,GHU2,PAK,1,1,1.832,1.832
A00022323,PROBIOTIS 30 CAPS 10B CFU,GHU2,PAK30,12,12,2.3589,28.3068
A00021850,PARODONTAX COMP-PROT-WHITENING T/P 75 ML,GHU2,PCS,2,2,2.3145,4.629
A00015886,CUFLEVE SYRUP 120ML,GHU2,PAK,1,1,1.462,1.462
A00022193,PEDIASURE COMPLETE VANILLA 1+ PEPTIGRO 400GM,GHU2,PAK,1,1,3.233,3.233
A00022730,NOSMOK 4 MG LOZENGES (2*12'S),GHU2,PAK24,5,5,8.01,40.05
A00018525,PERFECTIL PLATINUM TABLET 30'S,GHU2,PAK30,7,7,3.9401,27.5807
A00018200,EUCERIN HYALURON FILLER NIGHT CREAM 50ML,GHU2,PAK,1,1,12.439,12.439
A00018718,BIOENERGY TECH BIONERVE CAPSULES 30'S,GHU2,PAK,2,2,5.663,11.326
A00018721,GAVISCON ADVANCE PEPPERMINT SACHETS 12'S,GHU2,PAK12,5,5,1.2914,6.457
A00022561,Prime Pill Tablet Cutter,GHU2,PAK,2,2,0.9,1.8
A00022761,HISTACARE 5MG TABLETS 30's.,GHU2,PAK30,5.502,5.502,1.3261,7.2962
A00022945,DR. MOREPEN GLUCO ONE LANCETS 100's,GHU2,PAK100,4,4,0.3855,1.542
A00018453,DIMET-G 2MG/500MG F.C.TABLETS 30'S,GHU2,PAK30,4.335,4.335,1.3186,5.7161
A00018510,ZECUF ANTI-INFLAMMATORY LOZENGES (HONEY) 2X12'S BLISTER PACK,GHU2,PAK24,5,5,2.1668,10.834
A00018185,MANFORCE OVERTIME PINEAPPLE 10'S,GHU2,PAK,7,7,0.2887,2.0209
A00017307,PANADOL JOINT TABLETS 24'S,GHU2,PAK24,12,12,1.3187,15.8244
A00022419,Dr Scott Disposable Plastic Glove 100,GHU2,PAK100,17,17,0.9399,15.9783
A00018355,ABENA PANTS PREMIUM EXTRA LARGE (XL1) ORANGE 15'S,GHU2,PAK,3,3,5.5577,16.6731
A00018527,PREGNACARE BREAST FEEDING TABLET/CAPSULES 84'S,GHU2,PAK84,2,2,2.743,5.486
A00018654,GLYPAR 2mg TABLETS 30'S,GHU2,PAK30,1,1,1.781,1.781
A00022483,Muller Elastic Knee Support Medium,GHU2,PAK,1,1,2.962,2.962
A00020105,GAUZE SWAB N/S 5X5CM 8 PLY 100S (AL JABRY),GHU2,PAK100,0.16,0.16,0.4,0.064
A00019942,SANIPLAST FIRSTAID BANDAGE AQUALARGE 20S,GHU2,PAK20,10,10,0.405,4.05
A00019065,SEBAMED ANTI HAIR LOSS SHAMPOO 200ML,GHU2,PAK,1,1,2.101,2.101
A00016759,IRONORM ORAL DROPS 15ml,GHU2,PAK,3,3,3.2007,9.6021
A00018987,VISMED GEL EYE DROPS,GHU2,PAK20,2,2,4.7745,9.549
A00019047,TIGER PLASTER COOL LARGE 2 S,GHU2,PCS,12,12,1.0154,12.1848
A00019184,MUELLER REUSABLE ICE BAG,GHU2,PAK,1,1,4.05,4.05
A00022589,Triangular Bandage With 2 Safety Pin 36Inch x51 Inch Base,GHU2,PAK,1,1,0.45,0.45
A00020612,MELIA CONFIRMING BANDAGE 5CM X 4.5M,GHU2,PCS,1,1,0.15,0.15
A00020613,MELIA CONFIRMING BANDAGE 7.5CM X 4.5M,GHU2,PCS,4,4,0.18,0.72
A00017231,AG RELAXEN DAY CAPSULES 40'S,GHU2,BOT,6,6,4.4318,26.5908
A00022457,Jordan Clinic Between Teeth 0.5mm Toothbrush 10,GHU2,PAK,2,2,1.658,3.316
A00022644,Always Maxi Thick Large Pad 10,GHU2,PAK,1,1,0.568,0.568
A00022435,Fingertip Pulse Oximeter BPL,GHU2,PAK,1,1,23.79,23.79
A00022655,Always Skin Love Maxi Thick Large Pad 30,GHU2,PAK,3,3,1.094,3.282
A00022668,Mueller Adjustable Arm Sling,GHU2,PAK,1,1,3.412,3.412
A00021036,DR. MOREPEN BLOOD GLUCOSE TEST STRIPS MODEL BG-03 PACK OF 50 TEST,GHU2,PAK,3,3,1.6907,5.0721
A00021958,LAFORIN MOUTHWASH 350ML,GHU2,PAK,1,1,1.526,1.526
A00021417,ACULIFE PILL SPLITTER,GHU2,PCS,3,3,2.46,7.38
A00022729,NOSMOK 2 MG LOZENGES (2*12'S),GHU2,PAK24,5,5,6.675,33.375
A00021498,CELENES CLOUDBERRY INTENSIVE HAND CREAM 75ML ALL SKIN TYPES,GHU2,PAK,2,2,3.351,6.702
A00018784,ISDIN ACNIBEN BODY SPRAY 150ML,GHU2,PAK,2,2,10.2975,20.595
A00020780,FACE MASK WITH LOOPS 50S,GHU2,PAK50,4.4,4.4,7,30.8
A00022400,Cerave Eye Repair Cream 14ml,GHU2,PAK,1,1,6.045,6.045
A00018776,NICOTEX 2MG MINT PLUS CHEWING GUM 9'S,GHU2,PAK9,2,2,0.308,0.616
A00018785,ISDIN UREADIN ULTRA10 REPAIRING LOTION PLUS 400ML,GHU2,PAK,1,1,9.807,9.807
A00019943,SANIPLAST FIRSTAID BANDAGE ASSORTED 20S,GHU2,PAK20,10,10,0.3601,3.601
A00022036,PIGEON GLASS NURSER K-8 WITH HANDLE 240ML,GHU2,PAK,4,4,2.259,9.036
A00019130,N - RGY - CAPS  30S,GHU2,PAK30,0.667,0.667,4,2.668
A00021030,DR. MOREPEN BLOOD GLUCOSE MONITOR WITH 25 STRIPS (MG/DL),GHU2,PAK,2,2,1.127,2.254
A00023013,ULTRA MAGNESIUM TABLETS 4*15S,GHU2,PAK60,8.75,8.75,1.3878,12.1433
A00019242,OMEFA 1000MG 30S,GHU2,PAK30,3,3,3.6793,11.0379
A00021029,DR. MOREPEN BLOOD GLUCOSE MONITOR WITH 25 STRIPS (MMOL/L),GHU2,PAK,3,3,1.127,3.381
A00022269,SENSODYNE PRONAMEL KIDS LITTLE TEETH TOOTHPASTE 3-5 YEARS 50ML,GHU2,PAK,5,5,1.6872,8.436
A00022472,Medichoice Paediatric Nebulizer Mask,GHU2,PAK,6,6,0.3,1.8
A00022512,Pampers Premium Care 3 Diaper 25,GHU2,PAK,1,1,2.516,2.516
A00022870,ZOLPAN 20MG GASTRO RESISTANT TABLETS 30'S,GHU2,PAK30,15.67,15.67,3.1495,49.3527
A00021692,PIGEON DECORATED BOTTLE WITH PERISTALTIC NIPPLE 120 ML 0 TO 3 MONTH,GHU2,PAK,2,2,1.7235,3.447
A00022061,SIMILAC GOLD TOTAL COMFORT 2-360 GM,GHU2,PAK,1,1,4.124,4.124
A00022678,Muller Elastic Knee Support Small,GHU2,PAK,7,7,2.9621,20.7347
A00022845,TEARS NATURALE II LUBRICANT EYE DROPS 15ML,GHU2,PAK,5,5,1.5276,7.638
A00022586,TDK Disposable Plastic Glove 100,GHU2,PAK100,303,303,0.153,46.359
A00022894,BUDECORT RESPULES 0.25MG/ML 20`S,GHU2,PAK20,2.5,2.5,6.6044,16.511
A00022038,PIGEON BREAST PADS COMFYFEEL 36 PCS/BOX (ENG/ARB),GHU2,BOX36,2,2,3.98,7.96
A00018658,METSWIFT XR 500MG TABLETS 28'S,GHU2,PAK28,6.5,6.5,0.8125,5.2813
A00020151,EZY DOSE KIDS  FOREHEAD THERMOMETER,GHU2,PAK,2,2,0.979,1.958
A00020701,VICHY ANTI DANDRUFF SHAMPOO MICROBIOME OILY HAIR.,GHU2,PAK,1,1,5.681,5.681
A00020817,OMRON C28 PREMIUM NEBULIZER,GHU2,PAK,1,1,30.776,30.776
A00021037,DR. MOREPEN DIGI CLASSIC DIGITAL THERMOMETER (MODEL NO: MT-110),GHU2,PAK,8,8,0.2255,1.804
A00021508,CELENES THERMAL FOAMING GEL 250ML OILY & COMBINATION SKIN,GHU2,PAK,2,2,4.791,9.582
A00021906,GLOBIFER CHEWABLE TABLETS 30'S,GHU2,PAK30,2,2,8.6175,17.235
A00022041,PIGEON SILICONE NIPPLE S-TYPE (S) 2PC/BL CARD,GHU2,BOX2,2,2,0.99,1.98
A00022125,METOFLEX 750 MG 50'S,GHU2,PAK50,1,1,5.74,5.74
A00022338,DIACEREIN 50MG CAPS 3*10'S,GHU2,PAK30,2,2,2.4615,4.923
A00022385,Bigen Men Beard Color B101 Black,GHU2,PAK,3,3,2.369,7.107
A00022670,Mueller Ankle Support XLarge,GHU2,PAK,1,1,3.822,3.822
A00022197,PEDIASURE COMPLETE CHOCOLATE 1+ PEPTIGRO 400GM,GHU2,PAK,2,2,3.3335,6.667
A00022500,Oral B Pro Expert Clinic Line Prosthesis Toothbrush,GHU2,PAK,2,2,2.166,4.332
A00022532,Durex Feel Smooth Elite Condom 12,GHU2,PAK,1,1,4.991,4.991
A00021847,PAMPERS ACTIVE PANTS S5 22S,GHU2,PAK,1,1,3.693,3.693
A00022127,WELLWOMAN 50+ TAB 30'S,GHU2,PAK30,5,5,1.326,6.63
A00022189,PANADOL MIGRAINE CAPLETS 24'S,GHU2,PAK24,3,3,2.0823,6.2469
A00021207,MUVEASE JOINT MUSCLE CREAM,GHU2,PAK,1,1,1.97,1.97
A00021485,SENSODYNE CLINICAL WHITE STAIN PROTECTOR T/P 75ML,GHU2,PAK,4,4,2.9905,11.962
A00021694,PIGEON GLASS FEEDING BOTTLE 50 ML,GHU2,PAK,1,1,1.559,1.559
A00023001,HIDRASEC (RACECADOTRIL)100 MG HARD CAPSULES 1*10’S,GHU2,PAK10,2,2,2.3175,4.635
A00022521,Pigeon Honeycomb Breast Pad 12,GHU2,PAK,2,2,1.64,3.28
A00005203,LAMISIL CREAM  15 GM,GHU2,BOX,11,11,2.1111,23.2221
A00005924,ZOVIRAX CREAM 5% (S)  2 GM,GHU2,BOX,9,9,1.4441,12.9969
A00005926,ZYLORIC 100MG TABLETS  100 S,GHU2,BOX100,4.5,4.5,3.898,17.541
A00007479,OPPO WRIST SUPPORT  (M),GHU2,PAK,1,1,1.326,1.326
A00015852,MAESTRO 50MG F/C TABLETS 4'S,GHU2,PAK4,27.5,27.5,3.4655,95.3013
A00016546,CLINDACIN CAPSULES 300MG 2x8'S PACK,GHU2,PAK16,1,1,1.628,1.628
A00017086,VISSCO ARM POUCH SLING (XL) 0805,GHU2,PAK,1,1,1.017,1.017
A00017561,SENSODYNE T/B SENSITIVITY & GUM SOFT/MEDIUM,GHU2,PAK,4,4,2.5245,10.098
A00018183,MANFORCE XCOTIC (DOTTED) STRAWBERRY 10'S,GHU2,PAK,9,9,0.2823,2.5407
A00018662,GLIT 30mg TABLETS 28'S,GHU2,PAK28,2,2,3.2665,6.533
A00018972,UO CREAM 20G 10% UREA,GHU2,PAK,3,3,0.8793,2.6379
A00019935,SANIPLAST FIRSTAID BANDAGE MEDIUM 20S,GHU2,PAK20,5,5,0.27,1.35
